date,actual_day1,pred_day1,actual_day2,pred_day2,actual_day3,pred_day3
2024-01-01,422984,404394.8669733775,427939,414194.05653670523,429079,417610.7136497236
2024-01-02,427939,432558.44299409125,429079,428355.3155504207,443605,420875.14255563624
2024-01-03,429079,421333.28773183614,443605,418373.2793859462,426472,394133.8790988603
2024-01-04,443605,424339.06949208264,426472,398167.57428338495,418583,391666.38097398315
2024-01-05,426472,408609.7497010432,418583,394654.0168457199,429439,424287.10949251865
2024-01-06,418583,404563.1714036855,429439,433599.0815724744,436717,434745.5749676736
2024-01-07,429439,419858.21036041615,436717,427248.99141872476,410206,426928.5302307366
2024-01-08,436717,423478.75204237655,410206,426091.8437634114,416344,424322.1610026171
2024-01-09,410206,424030.3424470106,416344,421766.6922720779,407056,417117.9699451067
2024-01-10,416344,401245.9516282222,407056,406112.72818789654,389057,388342.1106333001
2024-01-11,407056,418237.81481964706,389057,395001.54341453564,410733,389603.03364992765
2024-01-12,389057,395330.00040911057,410733,393209.44098403596,449771,423363.9446360459
2024-01-13,410733,378596.68272502476,449771,420472.90906637633,470396,425512.90107275266
2024-01-14,449771,436624.5162080897,470396,430924.4145426515,461060,426968.2562711469
2024-01-15,470396,445539.64496158576,461060,428041.92836847843,484522,426613.46168096206
2024-01-16,461060,443961.6272549582,484522,438204.355190703,474769,431460.83793584286
2024-01-17,484522,457247.9047971723,474769,438421.6202024606,472865,406799.6017774713
2024-01-18,474769,443577.7980470757,472865,410213.7536166637,464226,404066.36621672515
2024-01-19,472865,414212.0134895785,464226,403959.1534440328,469117,437300.381136347
2024-01-20,464226,422640.5270203784,469117,440399.8827171652,447432,440777.3663900118
2024-01-21,469117,449563.4275256533,447432,441899.57454196457,435050,438574.0187447535
2024-01-22,447432,445805.8986340025,435050,439658.7530465469,411543,438067.88787970465
2024-01-23,435050,431754.2502326486,411543,431625.355469625,414847,432451.2510522763
2024-01-24,411543,423954.0459805048,414847,426004.7957755911,392095,403188.0833557862
2024-01-25,414847,412563.2351889706,392095,397616.8754259244,404005,394791.8344361142
2024-01-26,392095,391005.14736331906,404005,391772.3525506663,437848,425493.4941494071
2024-01-27,404005,380113.84504748473,437848,419716.7485349599,442890,428010.80515977193
2024-01-28,437848,413597.78412832256,442890,421037.71481570485,436052,424507.04336197465
2024-01-29,442890,421476.31793271384,436052,424958.69247445546,428229,426530.41301361215
2024-01-30,436052,434204.6230271543,428229,432080.8997672262,422280,427693.6256037266
2024-01-31,428229,423373.4646026451,422280,423602.9978542768,394350,401549.55094871373
2024-02-01,422280,424008.2451292698,394350,398281.56975755974,389124,391254.55409517104
2024-02-02,394350,386069.50006636605,389124,383157.08834300365,417957,418553.5775899572
2024-02-03,389124,394563.53201076627,417957,423744.22690908145,423083,426673.70855569
2024-02-04,417957,426230.7127098717,423083,425962.9832079196,420481,424531.4240813223
2024-02-05,423083,428836.584024175,420481,423603.58033610345,404493,420831.69299052964
2024-02-06,420481,434304.0291598738,404493,426385.2971085269,390582,419332.42265724554
2024-02-07,404493,423353.99906069296,390582,417976.1827922447,366779,392167.3925189808
2024-02-08,390582,417832.1222290413,366779,392024.96611817076,374583,384701.5369223171
2024-02-09,366779,381264.48852610943,374583,379351.6123896155,408017,412282.78159459674
2024-02-10,374583,374101.38165935647,408017,413011.9351453139,426649,417528.82375683595
2024-02-11,408017,405450.72822275944,426649,414262.6581035341,435834,415820.6092546078
2024-02-12,426649,415926.9095134006,435834,419212.06899510376,442120,417874.61999804183
2024-02-13,435834,437649.9556841224,442120,433393.4297145209,426899,426641.37123829266
2024-02-14,442120,427233.52805896284,426899,414594.4565080347,420700,384652.9834448482
2024-02-15,426899,425824.6267765834,420700,395649.0969541924,419685,386969.4386389966
2024-02-16,420700,390785.4066084806,419685,380737.9706948973,415196,411186.12058231176
2024-02-17,419685,396748.9565616494,415196,421394.9307269864,428324,421798.26478286483
2024-02-18,415196,425805.129413254,428324,418949.4460051035,418904,413628.17429484153
2024-02-19,428324,418762.86882150086,418904,407776.87943514885,416840,412789.25497953483
2024-02-20,418904,434397.4284807482,416840,420004.08423189,401353,411251.013281514
2024-02-21,416840,423521.44252630067,401353,412988.7166160482,387495,384675.1281746534
2024-02-22,401353,418761.16379552707,387495,390140.1467691833,394255,379161.98135736916
2024-02-23,387495,374541.34752367006,394255,371963.9275561408,395844,405076.91716969974
2024-02-24,394255,384400.265521267,395844,414154.68244612357,386153,412904.63507995766
2024-02-25,395844,429852.6291895591,386153,419221.4757261839,395833,411587.4052388377
2024-02-26,386153,409417.98675798177,395833,408946.91850930953,420263,407475.4343789565
2024-02-27,395833,409119.20737717784,420263,411482.9085611821,403490,404486.00224067736
2024-02-28,420263,389146.050977332,403490,390712.50479035557,387716,368645.2703298156
2024-02-29,403490,415210.0248860373,387716,377008.62756574585,352503,366859.1509643514
2024-03-01,387716,383761.69561154366,352503,367868.7156753068,367485,394976.01385683817
2024-03-02,352503,359565.0765284446,367485,391690.77634210495,384415,397162.8295272451
2024-03-03,367485,384957.869745283,384415,393032.298789873,388956,392671.0801217862
2024-03-04,384415,391483.72124973626,388956,389719.73032509995,380723,386567.49848601763
2024-03-05,388956,386668.6043596027,380723,385314.93529230787,367801,382292.8136368076
2024-03-06,380723,379878.6808947117,367801,377822.5640268504,379479,356335.64584288886
2024-03-07,367801,379555.98220640275,379479,358834.1228388131,358786,353405.01907231734
2024-03-08,379479,362645.8884152022,358786,354594.268663109,396342,385792.4881418296
2024-03-09,358786,343736.6620999898,396342,373987.5197033523,369226,382490.89308279654
2024-03-10,396342,382261.60851698363,369226,388061.608269649,359987,388754.06545342645
2024-03-11,369226,392332.9397765698,359987,388111.2884255226,357318,383824.40742562624
2024-03-12,359987,381291.7650083519,357318,383150.0277691239,366276,379426.9222883539
2024-03-13,357318,383710.6173136396,366276,380337.8054053165,335707,354349.81142752967
2024-03-14,366276,372462.4259531,335707,351177.8167318586,336693,346451.3787862675
2024-03-15,335707,341500.178770168,336693,343353.59713726427,381121,378803.27331619867
2024-03-16,336693,341920.9607343949,381121,372896.3599804825,393349,377332.66925881524
2024-03-17,381121,363580.3447361491,393349,372053.3155782763,397112,374329.7464959797
2024-03-18,393349,382822.83243145875,397112,382075.6810698797,409807,379797.38775763504
2024-03-19,397112,387465.8234102675,409807,379572.46221493353,415920,373555.8732979462
2024-03-20,409807,377238.72539497545,415920,371194.8693667768,401138,347087.42442994093
2024-03-21,415920,398033.1816460593,401138,358553.3005265488,374557,345485.16287750605
2024-03-22,401138,372496.2987547322,374557,354952.67294654896,384438,380206.3520530768
2024-03-23,374557,332422.0640838729,384438,362642.5276948791,386016,373199.366026893
2024-03-24,384438,391742.1378629905,386016,385279.58859232074,383440,379830.0541346852
2024-03-25,386016,387487.7365242702,383440,379522.1489895854,385319,374905.7858482969
2024-03-26,383440,384939.11300103023,385319,381132.20282122673,368829,375886.8730418143
2024-03-27,385319,370610.79169049027,368829,366971.65735117736,345378,344843.06386522984
2024-03-28,368829,363053.8713836725,345378,337214.4886831551,325243,333821.1199110306
2024-03-29,345378,342693.92573527765,325243,335570.3024928945,367030,367377.9195170663
2024-03-30,325243,341696.4282014015,367030,371918.287937212,386645,374693.24516866804
2024-03-31,367030,368777.2353994934,386645,374526.74492016865,406245,374043.1139266902
2024-04-01,386645,366719.7690875924,406245,361026.6693840916,397836,360216.26741692034
2024-04-02,406245,361683.236496076,397836,355556.3196242482,388521,352216.1125271614
2024-04-03,397836,362296.1930946326,388521,352802.77655777347,356619,326828.9996622801
2024-04-04,388521,363446.55085072375,356619,330979.46187603206,332183,324728.15035061643
2024-04-05,356619,342553.3255180257,332183,330066.4605597798,359827,360146.8871700737
2024-04-06,332183,332486.5283693702,359827,360130.9737930672,346989,364958.7590391554
2024-04-07,359827,365849.4075738747,346989,365049.5691013928,355228,363600.29982641735
2024-04-08,346989,370993.67717716575,355228,367305.4579874467,365606,363095.7974112052
2024-04-09,355228,364306.561336447,365606,365098.557201734,361963,360031.1036381748
2024-04-10,365606,362495.5755722917,361963,355753.1165415932,348503,330402.89284988475
2024-04-11,361963,356215.9723853467,348503,326411.53499924456,335865,319427.7313165432
2024-04-12,348503,320816.2923680416,335865,315112.6598927759,350071,348521.7196995705
2024-04-13,335865,321613.3920519009,350071,351186.0774915488,339671,356272.5011644178
2024-04-14,350071,350760.304769198,339671,360808.3303401757,356194,360186.367344563
2024-04-15,339671,355828.1109466256,356194,359624.3727914032,373869,356293.35564799263
2024-04-16,356194,357701.6618745473,373869,357580.0836795198,359345,351803.3636820427
2024-04-17,373869,354965.01941121765,359345,347445.17570018285,332680,323761.1166424708
2024-04-18,359345,360230.9516176426,332680,331723.5513278035,338656,323754.5060858856
2024-04-19,332680,336582.4194207527,338656,327529.6630072313,342454,357958.4394634246
2024-04-20,338656,316543.2329253002,342454,350407.95840332663,342677,357158.52838312817
2024-04-21,342454,366469.8727786241,342677,367174.16939336935,355024,365243.9234966567
2024-04-22,342677,366741.72656393517,355024,363493.627551246,343688,359114.80257863516
2024-04-23,355024,370902.93877840816,343688,366664.4157668209,340312,358342.238182556
2024-04-24,343688,349040.4990443675,340312,346537.4090176002,326431,325599.6269144043
2024-04-25,340312,365594.1307024758,326431,332533.10027945193,325120,324167.7277977457
2024-04-26,326431,337508.5214367643,325120,326549.2173315322,366276,354774.98102845915
2024-04-27,325120,332245.99407352577,366276,362073.0355012297,358251,364963.7818628203
2024-04-28,366276,363093.65807456645,358251,364547.090625357,350458,362180.9776247105
2024-04-29,358251,381572.2380733101,350458,369572.359470942,349761,360980.5465559101
2024-04-30,350458,357474.5397934218,349761,352341.7754124333,342227,347237.7391761872
2024-05-01,349761,346673.805182512,342227,336985.0097930122,322487,310357.9083835491
2024-05-02,342227,353224.19196061185,322487,323838.28825023083,337862,312925.3728553077
2024-05-03,322487,325824.7839330179,337862,314998.67624561564,350107,346000.57338401367
2024-05-04,337862,319133.097351089,350107,346351.93661679304,351134,349771.77747991926
2024-05-05,350107,352518.22081495886,351134,351836.3825103824,376529,351156.3699182913
2024-05-06,351134,358017.1785622999,376529,355298.1634529343,362048,352091.08293148264
2024-05-07,376529,362870.5992501376,362048,359143.5126468399,355585,352047.4754804943
2024-05-08,362048,400031.4968898903,355585,376154.6981315789,319273,337363.36928038613
2024-05-09,355585,341765.64517303597,319273,316737.7697415122,322589,314994.94688353915
2024-05-10,319273,319781.0786286123,322589,308516.42130803975,347592,344019.36570373457
2024-05-11,322589,323280.24865085614,347592,355221.4019695982,354308,360098.52938398346
2024-05-12,347592,354316.6935783046,354308,356887.3604860746,367547,361096.80692477326
2024-05-13,354308,364173.6700119213,367547,364746.4402050599,363719,362607.7631823609
2024-05-14,367547,367910.14300301095,363719,367804.4921874183,358570,363357.2975511585
2024-05-15,363719,359084.790280707,358570,353456.3323112438,337190,331071.52954916394
2024-05-16,358570,355176.47020916396,337190,330242.6802518558,335800,326640.1241499299
2024-05-17,337190,331701.8351571708,335800,330392.36668189516,376531,365354.92315303086
2024-05-18,335800,322033.34110019787,376531,357253.2501627448,407709,368194.3325649129
2024-05-19,376531,358533.4843276318,407709,365674.18894494424,433616,369591.6440233718
2024-05-20,407709,371576.80189299135,433616,371397.576324737,425827,371136.2420521723
2024-05-21,433616,390242.4388729416,425827,383991.1236587683,414004,376332.7443139236
2024-05-22,425827,411933.3985710008,414004,394149.646558736,376101,361688.92452800635
2024-05-23,414004,412991.12683858396,376101,370606.9841276358,381713,358670.13621730066
2024-05-24,376101,377998.7807517682,381713,364033.55656635796,399700,389808.90594481025
2024-05-25,381713,350419.4676986086,399700,382625.8225253395,415828,388671.51558600273
2024-05-26,399700,398981.17012342345,415828,395633.06709404604,394405,393081.44062997896
2024-05-27,415828,407887.67872195126,394405,392867.143838712,369278,393331.86755581136
2024-05-28,394405,410630.45854133717,369278,403564.70502389217,365477,397196.1723577898
2024-05-29,369278,386911.03045616485,365477,385311.4114512659,359448,364948.83223091613
2024-05-30,365477,370792.24582910474,359448,356465.93392091413,377516,358694.0029468824
2024-05-31,359448,342967.53373837925,377516,354118.9403427294,446640,395983.01114674273
2024-06-01,377516,360276.3120670758,446640,398279.38024352735,455371,404550.6520074628
2024-06-02,446640,406643.5599227978,455371,409721.5123208205,460240,409872.80046054494
2024-06-03,455371,441623.6591925857,460240,424986.6823298531,475736,414275.25569903175
2024-06-04,460240,421082.8243420822,475736,409960.52676033525,439635,402572.4647131054
2024-06-05,475736,419958.97422240156,439635,407557.14595360553,379410,379192.92011121847
2024-06-06,439635,442869.21246276033,379410,393605.7410020043,373593,382491.86108778487
2024-06-07,379410,403058.5676946298,373593,389533.2366637144,397018,417842.56758812605
2024-06-08,373593,364956.4174245901,397018,403543.4119026304,395916,413552.2693979216
2024-06-09,397018,406577.70942486334,395916,415756.7392317759,399653,419968.6484266192
2024-06-10,395916,395158.2739552674,399653,407532.98957530514,435510,416157.2967115505
2024-06-11,399653,402308.792551299,435510,411612.65691541135,461561,416329.41855339793
2024-06-12,435510,410210.8625996936,461561,414005.881567657,393897,395409.3825597573
2024-06-13,461561,436002.4399185025,393897,408679.2658099666,373335,400176.9336336464
2024-06-14,393897,424559.93482822814,373335,404081.4980397289,469112,434006.27613762504
2024-06-15,373335,393365.9336561625,469112,428023.94355042826,527196,435469.5902832933
2024-06-16,469112,410471.69773002603,527196,425396.9856795124,543530,433607.48215313605
2024-06-17,527196,461018.42464799527,543530,453259.9464858011,559759,448254.1833360052
2024-06-18,543530,494149.14334436477,559759,471422.7557720313,570109,456953.8516929772
2024-06-19,559759,480319.6182196906,570109,471846.94711299846,535547,422725.7357218033
2024-06-20,570109,505036.40979407186,535547,454587.31423832814,529014,434462.73086624406
2024-06-21,535547,496237.9797909588,529014,457841.4286038441,490997,472414.2858732649
2024-06-22,529014,492404.29975458235,490997,491182.6353086751,486303,479823.05541322654
2024-06-23,490997,546791.3913327152,486303,517405.73043442547,525754,493769.38701580715
2024-06-24,486303,484796.5905762339,525754,478110.9748187717,476164,475137.4880614666
2024-06-25,525754,490537.85429873154,476164,486491.65151429875,414956,479516.9606634497
2024-06-26,476164,536892.3829641087,414956,509693.5593266423,426945,471465.07037774124
2024-06-27,414956,493999.82177782094,426945,460308.49658963294,460868,455011.37989281
2024-06-28,426945,407827.73122030514,460868,424780.9464623212,431472,475895.35346386075
2024-06-29,460868,457701.0708979095,431472,492647.5797618091,441902,500357.8380967348
2024-06-30,431472,537301.1689775459,441902,519617.8710228621,463360,510337.6816509217
2024-07-01,441902,453595.77942180197,463360,472980.51092539675,467134,487455.49138798454
2024-07-02,463360,463252.42802612163,467134,479597.9182594186,533519,490962.8378826472
2024-07-03,467134,468466.4906872654,533519,479749.4628320548,523969,469412.0536583069
2024-07-04,533519,518254.8010862388,523969,508430.5118851882,521182,478444.0094078392
2024-07-05,523969,525816.6687650878,521182,496532.71315157664,574000,519052.11585169693
2024-07-06,521182,537231.7913979264,574000,538980.4747420994,584058,527049.4479472198
2024-07-07,574000,554893.0451751712,584058,534844.8988460466,597640,522717.37086649344
2024-07-08,584058,547772.5605514871,597640,527801.3750796838,561768,518042.02435687423
2024-07-09,597640,560782.5511401583,561768,537387.5771683141,536781,521451.4221232496
2024-07-10,561768,569194.4677798853,536781,537817.1805162589,515131,498255.17990980315
2024-07-11,536781,544584.7340204944,515131,502215.46028782707,518148,488441.0288231353
2024-07-12,515131,492681.57107587124,518148,482095.80387205374,580888,515341.7530523652
2024-07-13,518148,493717.3731711025,580888,517250.8815877259,592663,521970.83849136124
2024-07-14,580888,559794.8864230983,592663,547122.2018541528,573643,535253.8081224825
2024-07-15,592663,581451.3584994375,573643,556511.297858473,525127,536600.1499780184
2024-07-16,573643,581892.8916838196,525127,556189.5950858438,475701,533285.8928856524
2024-07-17,525127,562330.732964207,475701,533770.2432282459,456776,498962.9699766741
2024-07-18,475701,521710.01444987283,456776,495690.34475673235,481646,489296.05714728474
2024-07-19,456776,464800.2207679982,481646,474660.5844319459,526124,515671.3034393754
2024-07-20,481646,474675.1005351464,526124,516490.79530171293,516107,527182.1504820886
2024-07-21,526124,535159.2554747976,516107,534272.7350607434,521984,529261.9587910265
2024-07-22,516107,526196.3433860621,521984,521020.2815583389,506310,519707.7596865898
2024-07-23,521984,526251.4340468245,506310,517704.5389568545,459683,512829.3642422402
2024-07-24,506310,522170.51213908626,459683,510660.2323561012,446715,484902.3424578814
2024-07-25,459683,511392.91189241735,446715,484369.39375017944,456195,478257.7723002748
2024-07-26,446715,453962.78528280166,456195,462746.984625125,511532,502487.29189769516
2024-07-27,456195,458093.2723796368,511532,500588.7567871369,547796,508533.9320519572
2024-07-28,511532,498421.6108319076,547796,506773.954096562,565816,507681.05711930484
2024-07-29,547796,520188.1830051048,565816,510477.46963353,576951,505890.7182576412
2024-07-30,565816,544212.7400913938,576951,524224.1655962035,581618,507484.8510333779
2024-07-31,576951,533698.972824582,581618,510102.8075147762,537792,476336.5170576451
2024-08-01,581618,553218.7315645573,537792,503706.6705956264,502512,478575.2015689127
2024-08-02,537792,522230.3698486507,502512,488982.0491119941,542915,506856.917905587
2024-08-03,502512,512357.0909985928,542915,518485.0465522219,540208,509783.32662888564
2024-08-04,542915,511492.12660934037,540208,503532.7088316943,451381,501124.7823001451
2024-08-05,540208,541408.0618616202,451381,525983.1453810814,436608,512369.875886318
2024-08-06,451381,530033.2063687715,436608,509421.0233116396,496856,500609.15857034415
2024-08-07,436608,467799.1187666996,496856,475885.8121899641,460415,462279.83541924396
2024-08-08,496856,463350.9120478542,460415,452214.33671900793,422982,456380.7514161437
2024-08-09,460415,497852.12792054104,422982,477850.0403940664,436713,502574.1387504745
2024-08-10,422982,481940.9600576896,436713,506643.3023808542,435632,505477.5342285362
2024-08-11,436713,468538.53149639023,435632,484492.944027452,464863,493332.58336187364
2024-08-12,435632,458951.9402894529,464863,476139.3557841198,480196,485309.90540743334
2024-08-13,464863,455583.8469605995,480196,472067.8322456158,492666,480003.40316585824
2024-08-14,480196,470184.644440178,492666,476849.84433696134,463387,459257.5281171659
2024-08-15,492666,484100.77176828554,463387,461921.3700965251,454884,456657.53426418774
2024-08-16,463387,468977.80125790084,454884,457275.5349582484,478622,485666.08575785835
2024-08-17,454884,456692.375247878,478622,482569.90012025693,404166,485139.0734303303
2024-08-18,478622,476510.5954359524,404166,476536.9055919536,382193,479484.7364085098
2024-08-19,404166,473733.4692691993,382193,469769.0562209414,388659,474017.14245255967
2024-08-20,382193,420135.59594778635,388659,444308.5124704143,406606,457640.602065752
2024-08-21,388659,408021.3200126163,406606,436256.9226302301,404608,427938.5664851904
2024-08-22,406606,417791.09267322766,404608,420291.3023335437,424234,427529.0158451929
2024-08-23,404608,412578.68593930424,424234,424083.4171438541,475228,463222.07149048866
2024-08-24,424234,414551.81944456097,475228,458212.1535883989,486280,467484.37979797047
2024-08-25,475228,459225.51205977553,486280,467085.16860100423,538074,466457.5573960606
2024-08-26,486280,464945.2606966775,538074,461600.7415022136,479008,458070.6930399361
2024-08-27,538074,470952.66654782137,479008,463701.18926170847,438276,453942.0825852007
2024-08-28,479008,519155.1782148701,438276,488152.187210173,428450,441877.40474266134
2024-08-29,438276,460249.23145076,428450,427796.51381380437,436667,419239.0082486819
2024-08-30,428450,397712.6337260772,436667,399301.32192540856,397861,438820.5838367661
2024-08-31,436667,413479.9045623738,397861,445040.0304829571,382383,450247.9491850651
2024-09-01,397861,478473.3663223447,382383,465916.9744398285,392433,458247.1333292387
2024-09-02,382383,452260.8938530322,392433,475132.8287718572,401139,469872.7743772308
2024-09-03,392433,392093.1895777929,401139,413433.53649501497,414179,420490.93032150704
2024-09-04,401139,396328.08698201727,414179,411213.8995154624,389564,394269.77749799367
2024-09-05,414179,401388.87751032005,389564,389417.6997689975,339328,388982.93074964953
2024-09-06,389564,387640.47771325696,339328,386996.26969868585,376974,421711.63537134376
2024-09-07,339328,386893.32873542246,376974,421320.6635300322,388451,425143.19128912577
2024-09-08,376974,384382.996050454,388451,403505.56964525714,389342,409467.74031719053
2024-09-09,388451,384788.2585391506,389342,402230.5644271367,407709,408362.3038012763
2024-09-10,389342,398575.4666375083,407709,405842.8858414531,420428,407117.85731179774
2024-09-11,407709,394210.3981854982,420428,397892.98619482777,411723,377132.12430361763
2024-09-12,420428,400644.5633284447,411723,373869.41688864684,405487,368231.29233017284
2024-09-13,411723,378786.32804837346,405487,371235.9537520164,415576,400573.5757687858
2024-09-14,405487,390827.7674505966,415576,413507.9904918229,421954,409825.7963079571
2024-09-15,415576,410117.0029037728,421954,406992.80318912485,421267,402211.3049811622
2024-09-16,421954,395520.7348265174,421267,396836.6944190466,433369,393962.316969413
2024-09-17,421267,404678.5517644269,433369,400328.05530485476,429839,392983.71520253277
2024-09-18,433369,406303.7921037133,429839,396907.6976144707,388417,368822.5042246655
2024-09-19,429839,420796.82330633106,388417,384282.81385068665,372813,369174.4785774692
2024-09-20,388417,389827.2141485276,372813,369643.2885377914,389671,392804.14511577797
2024-09-21,372813,360296.51216098113,389671,387928.0322188623,377007,388266.0954141333
2024-09-22,389671,381227.83646195446,377007,386264.48888128507,383863,383642.821046249
2024-09-23,377007,376060.467290811,383863,381087.69297122996,405611,381704.89977937157
2024-09-24,383863,376192.4423882298,405611,380879.29568456317,394192,378979.25582171965
2024-09-25,405611,373154.2250597433,394192,372072.1863160729,368645,349715.5056912616
2024-09-26,394192,412759.6514510138,368645,370158.003164533,360833,353335.9720105947
2024-09-27,368645,376448.17231021315,360833,356810.1775531786,380540,382136.5878713812
2024-09-28,360833,343341.7329742911,380540,370381.3458954087,378790,372998.87462355086
2024-09-29,380540,372510.499279818,378790,373257.75462474825,374394,371866.2697907204
2024-09-30,378790,373807.1936691122,374394,371967.02437412,368933,369191.122119418
2024-10-01,374394,368997.2100320255,368933,368734.4161933452,370783,366764.6266266932
2024-10-02,368933,368295.669164696,370783,364592.47035955073,346745,340412.8741996581
2024-10-03,370783,363931.46454379876,346745,337352.45676364057,337149,333346.83317919285
2024-10-04,346745,348377.58467149804,337149,338224.9964254454,375182,367065.42688183073
2024-10-05,337149,336211.74314883735,375182,367103.0630689633,358443,368963.980539069
2024-10-06,375182,370366.6984531641,358443,371603.0075170964,328129,367360.68870708597
2024-10-07,358443,360785.52467793797,328129,361190.1712875632,360001,361507.6958423247
2024-10-08,328129,360061.33712684625,360001,362022.8150821654,355135,358904.22803370893
2024-10-09,360001,358469.3540245937,355135,358085.5025272748,328112,333886.7726853407
2024-10-10,355135,359423.254384617,328112,333180.4631662004,349492,327505.11192566314
2024-10-11,328112,335431.24853523355,349492,331157.84408670187,373573,361676.04209526395
2024-10-12,349492,315182.9113721559,373573,354906.90297794255,370032,362975.7389537702
2024-10-13,373573,365668.2484534264,370032,368770.91819373047,371331,367243.21546033246
2024-10-14,370032,372421.86675814894,371331,370671.1188956903,365958,367434.87335332506
2024-10-15,371331,367499.37203825125,365958,363851.3091395303,359651,359445.2483169261
2024-10-16,365958,363360.5564440671,359651,359177.33031259186,335181,335348.06263586634
2024-10-17,359651,369727.2050951417,335181,341413.5052383216,330261,333792.79254753
2024-10-18,335181,330985.502666206,330261,327597.5701622846,363372,361200.3609585776
2024-10-19,330261,327534.53047557053,363372,360522.5973215259,373138,366802.3227626441
2024-10-20,363372,360280.3577400978,373138,367838.49041712395,376041,366367.3666110681
2024-10-21,373138,358930.1268971321,376041,365439.16738913005,366483,363696.2453458911
2024-10-22,376041,366708.1466370186,366483,363738.363021299,361156,359622.0562117087
2024-10-23,366483,362985.36148040165,361156,359386.15013574535,337278,332992.74503993226
2024-10-24,361156,355055.1639360289,337278,331965.08379060234,340845,327375.06523280696
2024-10-25,337278,338040.955095009,340845,331358.76373900677,368746,363072.5936059189
2024-10-26,340845,323447.2236612808,368746,359167.18149787246,380993,366679.5812587632
2024-10-27,368746,373852.6417111022,380993,374678.80271082534,369885,372528.62156602705
2024-10-28,380993,378203.28256929514,369885,374894.52957021433,375871,371432.0590663823
2024-10-29,369885,385431.5698177487,375871,381485.60320942284,381053,372661.0872890871
2024-10-30,375871,368961.34222780884,381053,367060.1470612381,345015,342411.42441081814
2024-10-31,381053,385479.2155152973,345015,355068.9967844083,358391,343560.30630151555
2024-11-01,345015,359138.36039496394,358391,350739.8909073084,385143,378761.8595202765
2024-11-02,358391,336024.73477513896,385143,367651.0828020342,371786,373184.7832616289
2024-11-03,385143,375331.1041311965,371786,375596.4373059239,385899,375156.9628022401
2024-11-04,371786,384832.4144685159,385899,383389.352488673,378983,381210.40577470727
2024-11-05,385899,380515.24825642206,378983,384059.2478137192,367381,379363.8908726668
2024-11-06,378983,393519.251482371,367381,382756.1951078313,344603,354541.50116177567
2024-11-07,367381,371452.72886314,344603,347098.3369937993,356053,340440.3625046802
2024-11-08,344603,342272.30480214953,356053,338932.67899124185,373820,369485.1024171329
2024-11-09,356053,344626.3962388202,373820,374489.89880211605,376961,378043.1014633454
2024-11-10,373820,386831.390119195,376961,388314.33897531976,387395,385692.9286059838
2024-11-11,376961,375884.92392407206,387395,384242.52295525477,400527,384498.1214728065
2024-11-12,387395,385713.94755580346,400527,381549.17165732716,386632,376688.63784489926
2024-11-13,400527,388681.71551134053,386632,377388.8491719261,355341,351152.90346911125
2024-11-14,386632,389548.9600739496,355341,357661.3527521543,354076,353396.9544673528
2024-11-15,355341,355234.5431023288,354076,348687.5865172606,371361,383646.4556826093
2024-11-16,354076,339493.51540399203,371361,374263.2817623082,376730,382302.49241650687
2024-11-17,371361,372334.9971719826,376730,378377.42569651245,378561,382725.98390673514
2024-11-18,376730,374627.6649547824,378561,376850.3355283673,393506,380222.61970582796
2024-11-19,378561,380646.973474882,393506,380907.1863917841,406623,380369.5850250605
2024-11-20,393506,377099.5778090518,406623,375223.1653129994,375279,354515.1969477774
2024-11-21,406623,379325.6067624445,375279,350011.0045743828,368649,346798.93127484474
2024-11-22,375279,363132.2765313495,368649,350325.1173299512,386443,381862.84777955647
2024-11-23,368649,356388.339320952,386443,385629.1671269839,395593,390108.96734800993
2024-11-24,386443,385889.25442183233,395593,388929.15145693836,389105,392290.12685779796
2024-11-25,395593,395794.75962859084,389105,393060.981045648,381448,392728.5250726866
2024-11-26,389105,387586.9855753187,381448,387793.5437182603,386496,387005.18936136714
2024-11-27,381448,397303.53254452255,386496,389163.0396209965,397992,365831.85434575845
2024-11-28,386496,359599.6386875083,397992,353673.2855057096,412685,360081.5809291669
2024-11-29,397992,375619.519809934,412685,362466.4483253314,439220,394247.3722615473
2024-11-30,412685,381441.1058341797,439220,401564.5579448323,440661,403580.5659816844
2024-12-01,439220,421932.5198375838,440661,413274.9714347877,447907,410910.1723505273
2024-12-02,440661,420651.66060568485,447907,411102.5759139814,444952,409157.6266117836
2024-12-03,447907,419276.43620476755,444952,411511.3125140803,452588,407227.87446887774
2024-12-04,444952,424920.94629655406,452588,413559.28873249225,427113,387324.3187350117
2024-12-05,452588,417174.899053863,427113,386590.4052571367,404308,381104.97103597905
2024-12-06,427113,403070.9724198998,404308,385437.39107973775,424605,416692.63021536515
2024-12-07,404308,391947.4308358457,424605,417173.7952302551,415116,421340.660801727
2024-12-08,424605,413292.5786791306,415116,417451.2552698477,412859,420579.8695032419
2024-12-09,415116,420826.26453921676,412859,418294.12314802216,431369,417052.45028521435
2024-12-10,412859,412103.5189071629,431369,413470.00643561344,452912,410652.6874008526
2024-12-11,431369,414071.7740862024,452912,414625.000404303,434790,388489.1395698897
2024-12-12,452912,430317.09781032964,434790,393954.21390877897,433745,383490.1908388091
2024-12-13,434790,407361.35820876044,433745,387525.7657451684,434747,415830.1314023792
2024-12-14,433745,407427.7959367952,434747,426275.3290430834,407210,426995.95764216135
2024-12-15,434747,437944.30914801115,407210,432975.63391074014,412962,430374.74853584974
2024-12-16,407210,416962.0980020255,412962,419068.2499672565,424478,419306.5839484901
2024-12-17,412962,407807.1431495582,424478,412427.38129372156,450348,412139.8341849153
2024-12-18,424478,417786.27364425466,450348,412899.1581778249,452618,387363.6355213781
2024-12-19,450348,414721.09010540746,452618,387894.9680041018,477707,382090.89581292286
2024-12-20,452618,397648.62658834446,477707,384609.49843449076,500848,415297.96340647433
2024-12-21,477707,410293.3384473511,500848,429281.310937891,454368,426737.299120861
2024-12-22,500848,462718.280569978,454368,440547.26023602294,421056,428244.481072357
2024-12-23,454368,466603.4286254675,421056,440847.92534399085,451820,428710.8941824089
2024-12-24,421056,428048.8098933251,451820,423321.015215472,447653,420316.28160938073
2024-12-25,451820,427552.7534202212,447653,420919.60404575727,408466,392616.24973600416
2024-12-26,447653,432784.50000220595,408466,393644.10398317076,384952,384865.72846517165
2024-12-27,408466,409519.5589650952,384952,393007.88050349476,389035,420582.94973444595
2024-12-28,384952,370613.2353475134,389035,405950.61694496946,387943,415189.5996411252
2024-12-29,389035,404483.34584256064,387943,410446.3839980188,385936,412210.2703165215
2024-12-30,387943,398360.12570001185,385936,402509.96287755645,432573,404604.5565417243
2024-12-31,385936,403540.1390783625,432573,402974.63960858004,443586,401055.19856026035
2025-01-01,432573,399170.3582161865,443586,407674.56930922135,444016,387415.3303717658
2025-01-02,443586,424910.6235152732,444016,397399.91623448685,444903,392109.9419152613
2025-01-03,444016,403880.0034991651,444903,393319.7331162995,476939,425347.15033528744
2025-01-04,444903,406499.48960403947,476939,429390.7154954323,489294,433292.5737426651
2025-01-05,476939,441086.94370041665,489294,434347.251824255,491062,434126.3300898683
2025-01-06,489294,444362.3620829181,491062,436978.5080587463,490940,435896.7928044505
2025-01-07,491062,459088.09388675966,490940,444343.9207914411,459146,434712.9359621628
2025-01-08,490940,450890.07527731307,459146,436516.3909672812,439710,408784.9438707923
2025-01-09,459146,451577.3369737495,439710,413173.85355607414,422007,403823.95998323505
2025-01-10,439710,410480.8951017593,422007,399352.3980594356,449775,433314.61859681155
2025-01-11,422007,406114.45782074775,449775,433853.6156245232,459693,440008.4950827689
2025-01-12,449775,428365.43480929616,459693,431668.00944627536,429517,434865.1264758902
2025-01-13,459693,430367.3844594056,429517,429840.3110201075,472160,431996.0913132498
2025-01-14,429517,445900.80115564953,472160,437293.7338638598,453330,432902.4567917091
2025-01-15,472160,450797.69650200283,453330,436273.69419932406,424395,409138.50522235513
2025-01-16,453330,447723.7917521211,424395,413816.2526007487,424512,408032.514898231
2025-01-17,424395,410169.81387973594,424512,401769.5685493266,474817,435200.3075417187
2025-01-18,424512,395839.1367551347,474817,430813.32344040374,506734,438369.1863055043
2025-01-19,474817,440030.50696284533,506734,443652.6187840986,512701,442781.5146426593
2025-01-20,506734,465935.4797038408,512701,441757.52348910656,494318,436300.4722997396
2025-01-21,512701,488232.52678152884,494318,463441.888834111,479843,448472.1449810821
2025-01-22,494318,490658.2548626454,479843,461941.6818604612,457379,426701.0144698684
2025-01-23,479843,474239.1420100951,457379,430114.51316485816,434025,419133.4031771952
2025-01-24,457379,434035.8303088206,434025,415545.2607208437,445790,444037.1511953196
2025-01-25,434025,435441.4386406597,445790,453659.1910939208,445928,451320.6246901455
2025-01-26,445790,441388.2645279254,445928,443839.0489296862,444417,445863.2614321193
2025-01-27,445928,446831.13976158586,444417,441204.084528726,456984,440549.8768409346
2025-01-28,444417,441208.4585692162,456984,436916.6635442033,445673,434918.8111024859
2025-01-29,456984,425475.1250101649,445673,424271.0202302285,425208,403630.6936209518
2025-01-30,445673,450328.0029005419,425208,413268.3410934893,459971,404601.50938736397
2025-01-31,425208,391875.0563999014,459971,391258.0211201197,444735,427414.53219932964
2025-02-01,459971,410473.7276692061,444735,437386.7363821786,432532,436073.7654367151
2025-02-02,444735,457815.52759607293,432532,446610.9490671431,450480,439543.9484972422
2025-02-03,432532,430720.55217705644,450480,432719.9835544698,467189,430820.91974032717
2025-02-04,450480,430940.99403532635,467189,430439.5059248573,437041,426767.64393245307
2025-02-05,467189,441275.34281015175,437041,426682.25423357723,435435,402246.00562591664
2025-02-06,437041,427759.1419106288,435435,400203.2182256493,437844,393784.20636994
2025-02-07,435435,404787.9528891193,437844,394788.58603798033,450142,424875.36488754844
2025-02-08,437844,410457.4863441874,450142,433206.18016289314,462235,436712.83775114414
2025-02-09,450142,427654.2723334335,462235,428332.2577184897,461476,426393.929895855
2025-02-10,462235,437682.0348470244,461476,430025.18689016724,449862,426072.95990755514
2025-02-11,461476,448433.38076227665,449862,437185.2239212736,442210,427128.29570987006
2025-02-12,449862,427380.01783701347,442210,424814.77112275694,443373,400286.46167179535
2025-02-13,442210,412242.55050384166,443373,387897.02286367,429422,383459.31998161407
2025-02-14,443373,405572.3473238087,429422,389866.63888052985,449221,419619.2728377262
2025-02-15,429422,398854.8200635426,449221,426072.12127901637,476337,430303.2564873255
2025-02-16,449221,408923.3637398501,476337,410270.9264912414,475563,413212.26397324353
2025-02-17,476337,431319.6149436385,475563,416345.42823644803,475369,420788.3587614347
2025-02-18,475563,459014.2434644205,475369,435922.7560611833,467089,421008.19089985755
2025-02-19,475369,454133.97884167585,467089,431334.84380247444,425995,399127.6791214368
2025-02-20,467089,448315.3547327504,425995,405856.40658823476,408542,394448.6329690413
2025-02-21,425995,413654.1145844627,408542,393155.31580735644,415089,421009.71567123564
2025-02-22,408542,406402.0047115884,415089,426660.8578624104,409517,427064.0477905701
2025-02-23,415089,419643.03789266886,409517,420846.9163818601,390834,422893.07221727434
2025-02-24,409517,421919.9048917474,390834,419257.62087843026,413280,418454.59672267665
2025-02-25,390834,402709.633068731,413280,404827.58715402475,395096,407391.39311575325
2025-02-26,413280,402632.72982357285,395096,400003.40421663015,389823,378494.5394129866
2025-02-27,395096,395600.78222603386,389823,373799.9368889727,417225,373243.29935320956
2025-02-28,389823,377004.4202754007,417225,371576.39783216815,431203,405010.7929402232
2025-03-01,417225,371340.30415880634,431203,400421.9516261296,421560,403196.17821917543
2025-03-02,431203,441025.172371713,421560,420547.0850863044,407972,409401.8270561703
2025-03-03,421560,425521.424196305,407972,410705.59346157644,402155,404799.1882518505
2025-03-04,407972,409220.0323633411,402155,405111.0981603307,406457,401343.6822137979
2025-03-05,402155,387272.93215562997,406457,384979.25983060367,379663,367092.64052554395
2025-03-06,406457,402750.91493570164,379663,377492.47177110135,362726,367786.85051004984
2025-03-07,379663,379035.49531932216,362726,364698.1966823694,369364,393824.2218762601
2025-03-08,362726,366705.0032040234,369364,392622.18063891,360972,397484.2217462066
2025-03-09,369364,405763.67353331565,360972,401674.5695459189,379292,398858.08907832816
2025-03-10,360972,385957.3213586926,379292,389291.4830491761,374557,391002.07832062116
2025-03-11,379292,391811.89849029604,374557,391712.8646573781,363430,387624.85911150917
2025-03-12,374557,384839.44666641287,363430,382761.7675971319,353675,360333.753807867
2025-03-13,363430,386160.81611493224,353675,357399.6981267182,351149,352141.2459671251
2025-03-14,353675,360274.9870206336,351149,352392.7024117771,381806,383174.83376315696
2025-03-15,351149,350255.2543087051,381806,382929.0524853536,367892,386943.7630678395
2025-03-16,381806,382974.6804176861,367892,388336.6919288416,354859,385820.58645782206
2025-03-17,367892,387309.93077420775,354859,387725.5115759083,365394,384620.2320284708
2025-03-18,354859,385876.24105981045,365394,380042.6203630394,359579,373999.5319846178
2025-03-19,365394,377432.89133298147,359579,372821.2906855139,354994,347992.74999162706
2025-03-20,359579,372089.3125117883,354994,345174.9221022139,351694,340003.1542025262
2025-03-21,354994,352703.25931440806,351694,343856.9049431551,398659,374056.1926322024
2025-03-22,351694,340473.35483005363,398659,370943.667357031,378921,376244.3141631059
2025-03-23,398659,395990.209040189,378921,387456.3200454244,382551,381085.1256297808
2025-03-24,378921,370714.29665522696,382551,369442.85854167474,371876,368900.6984089862
2025-03-25,382551,370600.3683752748,371876,370474.3195608639,374495,367744.86860353174
2025-03-26,371876,375391.6649600595,374495,366451.2527880023,356517,342029.26777152263
2025-03-27,374495,379222.6540358799,356517,345388.07676995767,360486,335600.2047855752
2025-03-28,356517,337092.5696570606,360486,333891.55624869623,370419,368756.881826503
2025-03-29,360486,330665.30066843244,370419,364468.07583691104,358029,368997.63726341445
2025-03-30,370419,367829.8571054318,358029,365572.6430485266,387468,364524.463521247
2025-03-31,358029,362557.9214234129,387468,362462.05286949186,378371,361764.53144851315
2025-04-01,387468,368054.335776039,378371,356371.46258679207,347012,350022.63126009423
2025-04-02,378371,378071.5388028904,347012,361998.6932198437,354849,331548.37253765576
2025-04-03,347012,369631.0133226018,354849,340450.70914689347,347656,327593.2170132184
2025-04-04,354849,324374.9504162405,347656,320086.86673486757,382340,354179.1165199409
2025-04-05,347656,327996.8679342667,382340,352326.90969192114,389763,355204.36663754703
2025-04-06,382340,353394.8146972436,389763,353271.39762329485,380572,353245.3041734884
2025-04-07,389763,362088.966930169,380572,353913.37117699214,392118,353361.38628381677
2025-04-08,380572,373728.2695904616,392118,361319.77374050586,392050,353840.13460552413
2025-04-09,392118,382025.1264603922,392050,362839.42011912237,381096,332070.4239607785
2025-04-10,392050,365830.8757362344,381096,331104.2766552635,342549,325068.6156814631
2025-04-11,381096,332599.508217521,342549,320510.6391086495,353662,354831.6044872365
2025-04-12,342549,334272.19599787495,353662,358673.39948069485,357035,361092.5365928797
2025-04-13,353662,357702.6072235843,357035,360779.9772113704,381681,361451.05016476207
2025-04-14,357035,361233.36753587326,381681,359845.5440310903,347626,360065.1411942062
2025-04-15,381681,353396.24450041435,347626,351306.7791915911,344990,349500.1027405851
2025-04-16,347626,361728.4132984925,344990,350908.11211917613,338585,327283.00963700213
2025-04-17,344990,358702.4356096602,338585,328638.1908944807,310754,321091.1606915701
2025-04-18,338585,336364.5466871567,310754,328338.2073623926,358940,357385.1500485885
2025-04-19,310754,338712.437684036,358940,363645.4598150218,349594,366037.8030956603
2025-04-20,358940,352027.2913514789,349594,353647.17241837876,340508,354109.93854430405
2025-04-21,349594,353417.5947244776,340508,349907.6998929787,347356,351145.4499709133
2025-04-22,340508,351933.77304102376,347356,353557.80897194525,356847,348626.9433873488
2025-04-23,347356,346840.9668029867,356847,347528.70515940594,351342,323802.5783606736
2025-04-24,356847,350714.13213193795,351342,326682.75082671316,319984,319450.8311349325
2025-04-25,351342,324742.136557543,319984,317070.70431688504,337950,350620.4926170455
2025-04-26,319984,329220.21653868404,337950,351991.0400734033,349631,352601.6387996724
2025-04-27,337950,349724.09152285353,349631,350771.9273288542,345632,350728.12716949853
2025-04-28,349631,344682.65511760785,345632,349575.10811331763,342781,348860.6569875529
2025-04-29,345632,363748.28409015527,342781,361963.0485072407,363360,355151.8276345551
2025-04-30,342781,363541.12970172433,363360,355939.27321707405,359189,328653.3384623814
2025-05-01,363360,340488.1057490557,359189,313107.2525791051,352315,307415.4538031869
2025-05-02,359189,352494.37264796055,352315,330774.65626626054,369147,353123.3293885433
2025-05-03,352315,358672.1980149501,369147,364120.4312895733,366541,358777.29903720296
2025-05-04,369147,349699.82576819154,366541,343373.42043305386,356819,341500.7881861056
2025-05-05,366541,349279.3996581504,356819,340548.3253159649,368758,339000.3014042562
2025-05-06,356819,349312.5373547078,368758,342270.68734713714,372522,339212.84822907887
2025-05-07,368758,345564.8824496814,372522,341768.05656888604,319614,319124.5540506996
2025-05-08,372522,359037.17285609315,319614,325793.4750197769,314303,318046.5096606265
2025-05-09,319614,326323.8978492191,314303,313809.8193567117,349560,346523.78421708435
2025-05-10,314303,316425.46913663566,349560,348445.2062582665,371568,353888.15345169854
2025-05-11,349560,353681.47175680066,371568,358616.14961512317,374586,358235.5194234987
2025-05-12,371568,360507.34733599826,374586,358838.8944113154,378068,358226.62264231633
2025-05-13,374586,357780.3983728775,378068,353768.958011961,381414,352657.68697713735
2025-05-14,378068,350730.2509351504,381414,343512.3673747633,371248,324450.70099888
2025-05-15,381414,361391.34867723426,371248,330332.76745729527,352985,325151.36942115333
2025-05-16,371248,339968.25661903655,352985,327141.324584173,353132,358692.19858255825
2025-05-17,352985,365544.34359610884,353132,379614.52668697265,345231,377641.4114201401
2025-05-18,353132,361236.5333520743,345231,364099.14018013095,369837,367246.38978673966
2025-05-19,345231,355311.3622965645,369837,358575.8011037973,374302,362347.768861847
2025-05-20,369837,363579.97372720996,374302,366264.25301077834,365306,367512.95844473765
2025-05-21,374302,364977.3186454744,365306,364923.42306256836,330868,346987.28292827436
2025-05-22,365306,360967.7697387068,330868,337468.62515139714,318024,340506.7328864641
2025-05-23,330868,336916.913936828,318024,336477.67652270955,315037,376883.11440157634
2025-05-24,318024,335062.42572004406,315037,375265.66332376713,352611,385326.3541603326
2025-05-25,315037,363637.6239564523,352611,378288.34863793605,359429,385806.606360028
2025-05-26,352611,387378.29082680447,359429,387694.23473383987,363735,390514.9506086063
2025-05-27,359429,371809.01368220174,363735,381484.88973080606,364440,385847.26255431096
2025-05-28,363735,363284.21837614884,364440,369622.0574107721,348360,357054.02135128237
2025-05-29,364440,373791.09527717496,348360,354837.5181314117,321309,354178.69346792996
2025-05-30,348360,359143.80836243345,321309,353424.01191547216,339731,390004.0836399944
2025-05-31,321309,336776.5779258299,339731,375196.44831749453,360577,390187.615013621
2025-06-01,339731,367574.4480140814,360577,380680.2197897279,396156,387820.44823278964
2025-06-02,360577,373200.3169398596,396156,383602.3151683655,449122,388769.62702536955
2025-06-03,396156,384225.15263937874,449122,391637.9768958682,459894,390668.1600035099
2025-06-04,449122,416861.1379351631,459894,406253.92655832187,409502,377755.9717147318
2025-06-05,459894,478860.32281036745,409502,418432.91136739985,373457,389028.3677400703
2025-06-06,409502,454112.6624045558,373457,410226.3318246087,393943,419342.20876170497
2025-06-07,373457,407293.4576702864,393943,416408.0691921711,391158,411656.8431087784
2025-06-08,393943,399357.16632511624,391158,400128.1281929524,407524,401844.7631576405
2025-06-09,391158,385667.45638965105,407524,392592.819491991,441888,398154.4484707831
2025-06-10,407524,406481.03845221543,441888,402919.19612337707,412152,404915.59099918645
2025-06-11,441888,437632.91705424304,412152,425445.75089156965,362580,394386.7927320395
2025-06-12,412152,479269.68394645,362580,427037.22450131754,346090,401664.61084884964
2025-06-13,362580,406716.21784755395,346090,392629.3009212377,384206,422397.9067266404
2025-06-14,346090,357742.75547718717,384206,397832.01405938587,402386,412597.9357118556
2025-06-15,384206,387498.88062115596,402386,403236.3912851095,439811,415483.6754069306
2025-06-16,402386,397377.755149011,439811,409526.829870811,485765,419124.06161290634
2025-06-17,439811,412603.4220090501,485765,417180.4334310269,445417,421392.0707791383
2025-06-18,485765,445450.9905863092,445417,430814.85400583234,451968,406955.4158300308
2025-06-19,445417,499115.31217027036,451968,449754.44632893614,497532,409074.94215123897
2025-06-20,451968,434054.1669417143,497532,416487.51399359835,603568,444109.74852046696
2025-06-21,497532,460421.94611172617,603568,469832.51667924784,633836,460706.831653421
2025-06-22,603568,531602.7823302139,633836,495457.38417819206,632474,473340.6881190337
2025-06-23,633836,592901.5460187175,632474,528614.7425214458,512055,485902.53576069564
2025-06-24,632474,589960.1447260936,512055,530702.1389999052,426307,484230.8612464244
2025-06-25,512055,584458.56410188,426307,523802.59865032026,433208,461285.948913423
2025-06-26,426307,500827.03744528693,433208,454571.7739324432,478073,440555.08596650744
2025-06-27,433208,387034.10680711,478073,400998.6853379327,530522,455704.0869654448
2025-06-28,478073,456845.50240008975,530522,484030.508710727,554774,490370.96559476946
2025-06-29,530522,540301.4332966182,554774,520459.7459446033,510843,506862.1155686123
2025-06-30,554774,543359.8658887675,510843,518267.36967470584,496533,503917.33268630865
2025-07-01,510843,541088.0935323946,496533,508190.9931197571,412993,493077.4109255032
2025-07-02,496533,511842.5464880674,412993,492106.22989535937,437622,465568.40459706367
2025-07-03,412993,503257.99395697686,437622,468022.257828453,497907,463322.7736055829
2025-07-04,437622,455251.85849096585,497907,479758.22222086997,565552,495416.340019279
2025-07-05,497907,464699.5603703711,565552,499476.8425237172,574991,507789.62526347744
2025-07-06,565552,535619.9627752173,574991,526426.0035111229,556246,518335.6595133304
2025-07-07,574991,557123.6019143236,556246,527158.7341604679,532025,515755.5325343571
2025-07-08,556246,562666.4472330621,532025,528044.3633283974,532830,512477.8150180543
2025-07-09,532025,552894.7278496504,532830,524400.2184890986,514939,490239.1690180931
2025-07-10,532830,502342.55796530796,514939,472218.56983005884,510063,473993.9209848728
2025-07-11,514939,491751.53865476226,510063,479416.8144590519,554967,511111.33890165173
2025-07-12,510063,489764.88368387136,554967,513060.4786139556,551839,517821.6676620852
2025-07-13,554967,522282.47809834144,551839,519472.6428355054,585710,519813.0847230872
2025-07-14,551839,538754.1911581886,585710,521680.48720009415,595625,518016.36368034343
2025-07-15,585710,549536.3477106371,595625,529655.6613010189,497090,518379.05316182185
2025-07-16,595625,563730.2771644494,497090,535846.5333067933,453326,497839.0411209366
2025-07-17,497090,574483.8142969171,453326,520055.2229107275,506675,496556.65216638875
2025-07-18,453326,486289.406088577,506675,483870.015207533,496443,516717.3262918045
2025-07-19,506675,473215.18131840695,496443,509865.09008649125,444053,518408.51020510483
2025-07-20,496443,562428.3931085073,444053,546051.6431785178,465271,532751.2159515071
2025-07-21,444053,527100.6327889067,465271,524627.5135861913,521636,519577.8182499607
2025-07-22,465271,481650.97593527206,521636,494949.0722432323,575567,503406.420657998
2025-07-23,521636,495089.7155605986,575567,499872.0021775527,503863,482085.9700174749
2025-07-24,575567,524918.304911274,503863,496205.38130188704,496050,486365.6705380165
2025-07-25,503863,548414.5232023101,496050,508556.6167454744,576515,521182.7959211552
2025-07-26,496050,488890.3364493486,576515,510890.4449366405,609548,511812.63359864533
2025-07-27,576515,520725.1699894823,609548,510435.8980666994,604725,505310.6186888455
2025-07-28,609548,572813.6290392735,604725,543327.5187795045,537858,518723.64267340366
2025-07-29,604725,598874.7596104993,537858,557149.6010849142,417952,522072.68315719796
2025-07-30,537858,582560.666574857,417952,536483.1824132544,387881,488152.8562010312
2025-07-31,417952,545982.0975270479,387881,494724.0346212679,402604,474263.4455514286
2025-08-01,387881,419819.43396284885,402604,432782.41947587964,468906,479998.74456547596
2025-08-02,402604,418413.56339696073,468906,471779.5285022322,486732,491605.827663633
2025-08-03,468906,465133.7400480768,486732,484294.62582008936,476246,495877.98036318895
2025-08-04,486732,490748.26134224515,476246,495361.88278396596,461787,496080.7399442205
2025-08-05,476246,497542.3321832913,461787,495955.6673808452,450264,493358.81429491227
2025-08-06,461787,473862.93558768125,450264,475736.869608485,434603,459573.9233389969
2025-08-07,450264,460189.1486907006,434603,444649.76422141684,457895,449819.7541288417
2025-08-08,434603,423837.16003378015,457895,434188.55415152846,514757,480262.1435300093
2025-08-09,457895,428243.06730578543,514757,472860.05961311486,539228,486511.26652438694
2025-08-10,514757,489561.7419761418,539228,495592.67633213074,558830,493945.1900439947
2025-08-11,539228,502440.76960591285,558830,495762.43809293595,539616,490394.2066696025
2025-08-12,558830,529115.7644017948,539616,506611.2333364173,518582,490556.3495153764
2025-08-13,539616,538667.8796393529,518582,505098.32832520065,493035,466432.4080594792
2025-08-14,518582,531569.1126646773,493035,480013.785431984,499221,459957.9849539081
2025-08-15,493035,484183.4054048063,499221,462972.86521405866,433673,484941.6865026632
2025-08-16,499221,473354.4315432247,433673,490664.35705853516,413759,487932.27711859543
2025-08-17,433673,525301.5064970129,413759,507126.6290353906,414336,492962.17387952394
2025-08-18,413759,441456.78850248293,414336,455691.00016096694,385342,468098.9386118853
2025-08-19,414336,431281.5452886303,385342,451442.2675619612,397479,463143.94090411416
2025-08-20,385342,440613.03253906564,397479,453878.44725764584,400190,440645.2731223107
2025-08-21,397479,416046.6435670004,400190,413817.4502621163,414083,423849.9585441058
2025-08-22,400190,405007.5722162113,414083,419042.57223896915,448064,461901.95851155935
2025-08-23,414083,409088.5679766832,448064,451674.5865878486,411858,464363.287906103
2025-08-24,448064,454281.5005007411,411858,461323.322882403,390370,464036.0705845735
2025-08-25,411858,476312.7532146545,390370,471228.2636034831,386560,464563.5661991026
2025-08-26,390370,436338.1185898733,386560,447511.41031535476,393179,451018.57253229915
2025-08-27,386560,416716.9409764743,393179,428317.25355338625,345151,415051.6805025471
2025-08-28,393179,419651.65028304607,345151,410373.14966624003,342464,413622.79309154925
2025-08-29,345151,402034.681411744,342464,404461.26880687906,363016,443631.11787592556
2025-08-30,342464,371693.1653637057,363016,422000.17318529746,395481,435657.24239825463
2025-08-31,363016,411939.01070177916,395481,427505.13523278286,399937,434804.7200354779
2025-09-01,395481,441992.6766162645,399937,465898.9287077335,414264,461558.4695279263
2025-09-02,399937,413343.84747543064,414264,419510.3363147722,429665,422205.5004872148
2025-09-03,414264,409322.5207129936,429665,412470.6960068831,425867,392782.6731162072
2025-09-04,429665,416995.4594488941,425867,393313.05088956107,361321,388396.44941657747
2025-09-05,425867,423765.4868289746,361321,404915.4890421133,363756,427505.82368726854
2025-09-06,361321,424752.7537565987,363756,434079.69763637503,365562,428849.1908680258
2025-09-07,363756,387055.58883026696,365562,397652.58045996295,372827,406517.1631356152
2025-09-08,365562,381758.14186177764,372827,395351.6046046456,383081,402713.392095412
2025-09-09,372827,387510.23525966273,383081,396669.49366715434,386071,399098.4413738784
2025-09-10,383081,382755.52546066185,386071,389518.1822027852,375296,372680.3486309846
2025-09-11,386071,397901.8445272546,375296,376870.7921815551,381620,372480.24546936003
2025-09-12,375296,371456.9726586646,381620,366267.462267702,408353,399965.6983164926
2025-09-13,381620,373050.3972081123,408353,398763.1732540583,393071,399785.0806858857
2025-09-14,408353,413653.91743151454,393071,407853.11216591316,386012,401917.8830860506
2025-09-15,393071,413375.2119031392,386012,402636.5334848236,404819,396119.9925724285
2025-09-16,386012,389578.5760742453,404819,386497.6085292366,411027,384173.2713604236
2025-09-17,404819,384684.7890638192,411027,378142.2990095077,345629,354352.1734492072
2025-09-18,411027,412071.23883534985,345629,370713.49643159675,337509,357178.0937273796
2025-09-19,345629,386545.57569298986,337509,363557.1843299558,378215,386769.3816672166
2025-09-20,337509,341013.5919500127,378215,371620.8188347361,415070,376368.4426758383
2025-09-21,378215,366022.15059281205,415070,371191.48331334436,432045,372956.0081572199
2025-09-22,415070,375159.907293687,432045,375671.1649858584,443856,372594.70132794516
2025-09-23,432045,420687.798313547,443856,399550.3655137746,424177,383390.5358530508
2025-09-24,443856,423112.2285255469,424177,391751.54860657663,384606,353389.8457846361
2025-09-25,424177,410324.34910415986,384606,355889.7078584606,389370,340525.8908878497
2025-09-26,384606,388642.78455087665,389370,358609.7595130382,401111,376768.2597778883
2025-09-27,389370,362874.46022156725,401111,379544.164256036,388877,376388.7670743509
2025-09-28,401111,413048.4852378965,388877,392056.43948507006,354462,378571.66199623956
2025-09-29,388877,391720.1677534126,354462,377634.2982258792,345596,371065.4421348957
2025-09-30,354462,384338.6529595959,345596,371997.08448012796,349139,364378.6532407982
2025-10-01,345596,358822.1991264797,349139,357442.5283432371,344751,334502.5260413363
2025-10-02,349139,362891.82833158335,344751,336759.4568664602,365044,331688.52206457476
2025-10-03,344751,341011.13142253435,365044,334615.2895233997,398557,365628.3037087858
2025-10-04,365044,341624.66490108945,398557,371509.51786606904,412610,372270.53223027725
2025-10-05,398557,389102.78760692,412610,381052.38112252275,381908,373181.04611164366
2025-10-06,412610,385800.3122601675,381908,372794.6659742953,340210,364538.1744135644
2025-10-07,381908,397365.5797431604,340210,378160.48331410205,343884,365663.7231772481
2025-10-08,340210,377071.28425374726,343884,364311.45797110815,335880,334728.7217232518
2025-10-09,343884,359390.4298750477,335880,328804.0130150191,331735,322429.75220553885
2025-10-10,335880,339969.18135122495,331735,329700.7279897385,367314,359647.99473309744
2025-10-11,331735,334565.26920204016,367314,362897.5460741663,365207,366729.0085459593
2025-10-12,367314,360713.29603720165,365207,360927.48877106357,355844,362528.3290796486
2025-10-13,365207,367519.11433180573,355844,362849.3059238819,348466,363868.76524756296
2025-10-14,355844,364712.58089265286,348466,359767.3669007888,355205,356265.63902890176
2025-10-15,348466,360108.0138790496,355205,355205.4012801478,333811,331493.29266120924
2025-10-16,355205,357260.135469263,333811,329166.29822864285,333860,324605.7896292722
2025-10-17,333811,330234.2331784719,333860,322912.8458226403,367602,357196.2497130897
2025-10-18,333860,330859.8358963231,367602,361250.33397995523,355612,365715.2834749
2025-10-19,367602,373614.7870277829,355612,371861.0954637946,362528,366842.1234782898
2025-10-20,355612,365670.96830092615,362528,360492.2786246212,365932,360174.18858812004
2025-10-21,362528,367786.25088750356,365932,363157.9680334624,362890,358608.246524029
2025-10-22,365932,361732.3791938175,362890,354156.74653716706,342243,331520.3620599864
2025-10-23,362890,359866.6967845586,342243,331558.0785363401,334949,328038.34384560585
2025-10-24,342243,341614.6969204961,334949,332245.3236012312,367270,363599.34871131094
2025-10-25,334949,338101.1766758212,367270,367510.2786726333,372594,371905.1978250213
2025-10-26,367270,367632.03764485905,372594,368959.4204381068,373448,370209.0337470668
2025-10-27,372594,378156.62328223616,373448,371788.79094618856,390766,369118.08048754727
2025-10-28,373448,380614.4232846911,390766,374372.5772809782,376886,369295.4018975435
2025-10-29,390766,373293.45336519845,376886,366769.0087828802,351806,343297.58701372164
2025-10-30,376886,367215.83736696996,351806,335165.584978144,356500,331445.43185143726
2025-10-31,351806,341357.3311697355,356500,330965.8330381561,380960,363103.6761684776
2025-11-01,356500,334930.5111302369,380960,365031.8402323555,366604,372940.97117009835
2025-11-02,380960,377489.04405246605,366604,377788.36145635386,382395,377745.0929019732
2025-11-03,366604,380242.26907855447,382395,377420.42550013773,378556,376965.66428367613
2025-11-04,382395,368505.35209304665,378556,371166.9935188175,383749,372971.07146466983
2025-11-05,378556,380019.1691654599,383749,375639.03231191734,343841,350779.5174266616
2025-11-06,383749,377152.7945798376,343841,348473.48043667944,361796,343472.810612076
2025-11-07,343841,358985.4130750451,361796,349393.5212893672,399183,379635.6782889344
2025-11-08,361796,332172.1246939713,399183,365764.5245540589,420021,375725.4983044307
2025-11-09,399183,384402.3046915595,420021,382594.7111014504,416294,379578.1118053194
2025-11-10,420021,394364.31368492346,416294,388643.6389606817,400421,380576.8680210189
2025-11-11,416294,399582.5130861395,400421,388744.97169334284,394431,383433.62981670606
2025-11-12,400421,385897.4232695883,394431,377125.12431201275,375406,353727.6751805956
2025-11-13,394431,380030.74782775954,375406,348820.901043248,369074,345556.70753376203
2025-11-14,375406,358547.7377264899,369074,346527.8469088518,414233,379317.9850363375
2025-11-15,369074,357396.45296510507,414233,383531.31344337977,406375,387642.5905635485
2025-11-16,414233,383874.4491141536,406375,385385.3374453891,405805,384406.4271909847
2025-11-17,406375,398394.50497276685,405805,386137.6435255259,403421,383535.22722312156
2025-11-18,405805,394513.7579130223,403421,386025.3386097754,406574,382231.4930632677
2025-11-19,403421,392118.43689062167,406574,381592.3803394677,373629,358603.40750705946
2025-11-20,406574,392704.49422297184,373629,359743.08752827527,389826,354990.35126398475
2025-11-21,373629,364897.4314049613,389826,355876.81996036874,391851,388212.48641321337
2025-11-22,389826,355159.07351790665,391851,385107.0063400848,402750,390873.569615162
2025-11-23,391851,401352.0712685471,402750,396912.9292995735,388142,393812.8232957678
2025-11-24,402750,386624.12596127694,388142,383970.8817589458,372375,387238.1182487925
2025-11-25,388142,398469.9337721884,372375,392282.5173026361,398023,390266.47988131427
2025-11-26,372375,388834.26701231976,398023,383962.51077747525,391216,360811.5624181365
2025-11-27,398023,370853.5549315363,391216,361337.0460909176,403315,365406.3491697577
2025-11-28,391216,379760.93569714826,403315,361731.66283688473,417651,391605.06327958876
2025-11-29,403315,374764.886639326,417651,395826.56724772137,447102,400787.23663961614
2025-11-30,417651,411199.3986053814,447102,408053.60460508155,436828,406231.340224686
2025-12-01,447102,414147.92099811224,436828,409170.5726535148,449000,408630.19674595416
2025-12-02,436828,417449.5461560468,449000,408320.27350241394,470501,403891.27838305925
2025-12-03,449000,415406.3232484714,470501,405228.87620960333,429126,380789.46652995434
2025-12-04,470501,421838.10498303594,429126,387025.59638590907,416361,379192.1959883935
2025-12-05,429126,416212.72586654616,416361,392141.602655814,462827,419253.39457710914
2025-12-06,416361,386466.3279193673,462827,413261.8458593093,484529,419048.1362767023
2025-12-07,462827,423998.7769653062,484529,421847.33131052944,459292,421843.45422328205
2025-12-08,484529,443192.4484620176,459292,427754.11009157356,461247,423338.2130764187
2025-12-09,459292,455887.36430898507,461247,435215.23649818596,468059,424858.4899838837
2025-12-10,461247,424248.53086281335,468059,417782.37704065273,447356,394074.36848378985
2025-12-11,468059,433872.224691617,447356,399517.131043701,457352,390602.77181431995
2025-12-12,447356,416329.705063195,457352,395629.16004904814,499855,422609.0282703415
2025-12-13,457352,404804.20629370946,499855,427723.30290635995,480854,430918.9167391066
2025-12-14,499855,459336.5864432126,480854,450826.79325040145,462137,441611.7181824652
2025-12-15,480854,456183.81399393495,462137,437224.035668715,430212,428483.5659262611
2025-12-16,462137,456741.74697285774,430212,439906.89675812883,429228,428673.24792759534
2025-12-17,430212,443653.3990454254,429228,433203.39096351806,426942,404363.91282517556
2025-12-18,429228,436162.1469205522,426942,406169.5957852513,421268,395369.21126765717
2025-12-19,426942,399264.3102932788,421268,394902.2439750357,448888,423914.23343880806
2025-12-20,421268,403146.3353171677,448888,421692.0140261589,450501,424452.4856736486
2025-12-21,448888,422752.54690299224,450501,420679.4108356786,417138,419609.9019355637
2025-12-22,450501,435303.8018508081,417138,422532.3097182188,404335,420262.30643806246
2025-12-23,417138,423304.1722372754,404335,417218.5214712322,465926,415121.7572135793
2025-12-24,404335,419431.1241442324,465926,412355.27969527943,455757,387874.56253736705
2025-12-25,465926,410728.8507956736,455757,383842.0943041079,448349,379715.8439776568
2025-12-26,455757,419836.8806176951,448349,396130.26655507594,441462,424560.5076746375
2025-12-27,448349,404994.7511383643,441462,425827.9024612414,470010,423725.5393079204
2025-12-28,441462,442595.81592908106,470010,431268.3531544708,463351,422589.34655293165
2025-12-29,470010,414984.59568136,463351,415337.6431065957,447713,414657.8510552594
2025-12-30,463351,434830.74051155517,447713,419767.389261586,478481,415398.58733950637
2025-12-31,447713,427663.503868329,478481,410596.41989817173,459811,387077.4185701506
2026-01-01,478481,440873.00980856444,459811,408178.5235887476,450079,400296.60224486055
2026-01-02,459811,429260.9337771463,450079,411299.21161405375,473468,439564.21086801373
2026-01-03,450079,422475.2681331724,473468,443977.3976502838,449347,445905.3262054947
2026-01-04,473468,445873.09464450495,449347,441297.7718162372,434147,440664.364270167
2026-01-05,449347,448658.8397735395,434147,443316.221254578,415698,440569.40898193035
2026-01-06,434147,435178.09973751905,415698,435488.7304518655,421253,432866.68832680886
2026-01-07,415698,422956.4311307468,421253,424900.00992427225,401504,402555.23156559205
2026-01-08,421253,416132.2440003193,401504,395628.034780845,402135,393572.6617303459
2026-01-09,401504,398621.060291886,402135,394760.7463816281,442692,427133.95098281995
2026-01-10,402135,379445.62285732967,442692,416270.8687420472,428387,427258.37191021605
2026-01-11,442692,423547.53951988905,428387,430225.2101313299,420700,431416.5386484774
2026-01-12,428387,431177.64407357725,420700,426782.4784426806,437716,426927.96722115163
2026-01-13,420700,425909.58114473027,437716,424950.43083846214,466771,424969.24100842193
2026-01-14,437716,411799.2045092137,466771,415233.10838320846,435852,399808.3369080066
2026-01-15,466771,437748.8276358268,435852,409546.2288236263,434994,400174.54830836185
2026-01-16,435852,422576.7750754184,434994,402949.0567676993,463148,431009.2097478693
2026-01-17,434994,406429.38528782205,463148,435770.4152013106,497013,439426.32760409726
2026-01-18,463148,444347.5239742854,497013,445151.08224208315,499671,441906.61816148827
2026-01-19,497013,447595.44591679,499671,432698.30810705444,449656,429774.17702606786
2026-01-20,499671,467295.43665287,449656,444908.0719549416,468872,433831.695487673
2026-01-21,449656,471215.1353433206,468872,450005.7941148561,497563,416186.7381273431
2026-01-22,468872,418355.0067799408,497563,398478.12916138046,512989,400466.5584309522
2026-01-23,497563,431146.5755342044,512989,415897.44281942735,502048,441969.2234530607
2026-01-24,512989,454112.08289869176,502048,455220.64638026926,519240,447205.2191816113
2026-01-25,502048,487801.5609893363,519240,469361.1155838646,516928,461939.32278631645
2026-01-26,519240,456299.7032577282,516928,446005.6482552302,521361,441746.8356244631
2026-01-27,516928,479722.37757519656,521361,456543.02092123457,530407,442655.7229630281
2026-01-28,521361,474057.8358631712,530407,449830.4066497256,503683,416596.0329362126
2026-01-29,530407,478734.39159847266,503683,429717.56385535566,503369,413749.0263183244
2026-01-30,503683,458258.67466180393,503369,425800.0083018097,505158,446962.93002156756
2026-01-31,503369,458426.04351053725,505158,461774.7978938322,493896,453249.70587887
2026-02-01,505158,480432.7754584703,493896,461401.55894441274,473269,450226.81697411306
2026-02-02,493896,466415.47926136205,473269,449810.3722333314,478778,441802.8745256165
2026-02-03,473269,473783.01679158496,478778,454682.5960227816,478852,441060.1195974207
2026-02-04,478778,460428.12705654604,478852,444015.618680098,501031,413218.8171603283
2026-02-05,478852,466261.82251073123,501031,420872.7545211012,522961,404750.4272059333
2026-02-06,501031,437117.1783730366,522961,415412.2327756042,406846,438478.3348415855
2026-02-07,522961,452993.75504476996,406846,457816.19421303447,469737,447215.5804152973
2026-02-08,406846,496137.91994394094,469737,462952.2498938964,466338,444904.66229403607
2026-02-09,469737,475602.012036646,466338,452476.73136987974,461776,440735.881405378
2026-02-10,466338,460720.17780271644,461776,446112.02460971905,455439,438048.3412674572
2026-02-11,461776,432723.272091657,455439,426829.2319582905,428184,403986.16240825993
2026-02-12,455439,437989.1707820714,428184,406023.72430918395,408149,399978.4733595718
2026-02-13,428184,420601.2108175932,408149,400759.4347653159,431353,426907.4599975803
2026-02-14,408149,408726.6871928697,431353,433486.90877144644,433391,432265.7530167839
2026-02-15,431353,440137.72138611705,433391,438873.3862578803,438957,435505.4676373805
2026-02-16,433391,422997.6976081581,438957,416564.86762728356,426994,425841.1954884599
2026-02-17,438957,419259.28330019943,426994,417676.67332870257,440950,415941.6971572698
2026-02-18,426994,419294.8510151867,440950,415143.68531014293,409625,390506.48241176154
2026-02-19,440950,411890.4123948741,409625,387243.06717739324,423958,385194.36722072266
2026-02-20,409625,385989.98352036654,423958,377863.5940359567,449053,412268.74046542554
2026-02-21,423958,385097.6175233319,449053,417644.92057056393,461605,422320.22814194806
2026-02-22,449053,430731.1184755825,461605,428650.8722061487,458160,427279.63975678576
2026-02-23,461605,438966.0171096153,458160,434602.78783727187,428144,430358.1514550071
2026-02-24,458160,455039.1644655276,428144,438564.90781926847,419081,423530.04121099995
2026-02-25,428144,447652.3546848911,419081,439874.3569102643,383359,403882.38036103145
2026-02-26,419081,425683.99650057545,383359,397982.23892829544,397678,390257.3523387329
2026-02-27,383359,413707.3557347549,397678,395131.0422506657,437676,417598.3579272
2026-02-28,397678,391195.485354836,437676,418967.363034133,459945,418625.7504214561
2026-03-01,437676,420569.7760080813,459945,418141.3018424988,407113,413793.86164596915
2026-03-02,459945,446184.46809569286,407113,425390.80266145786,425838,415196.6896787028
2026-03-03,407113,424801.08190475876,425838,418701.95069387794,420834,409949.117477894
2026-03-04,425838,400991.91498571687,420834,397384.8656454879,384277,374165.6123700566
2026-03-05,420834,392097.1531112985,384277,365385.9936657505,342147,362571.31171443575
2026-03-06,384277,364091.23261120997,342147,357323.6229143055,356232,393223.84261014895
2026-03-07,342147,359127.4323505389,356232,390854.5470644671,358074,396949.69045283366
2026-03-08,356232,378178.9689258221,358074,387641.1771197793,367561,392082.72317100817
2026-03-09,358074,388690.3776381427,367561,389947.5692561916,396450,388795.7858033739
2026-03-10,367561,383144.4906343744,396450,385081.5254348492,412962,381482.762233643
2026-03-11,396450,376660.61132617196,412962,374930.9418942959,379100,353884.9110868257
2026-03-12,412962,387829.35639485845,379100,353710.0149828492,380550,345487.62064706814
2026-03-13,379100,369374.0788326033,380550,355320.5573577266,393244,383619.95959010674
2026-03-14,380550,347047.2893497358,393244,376400.75344001123,399662,381771.7501012344
2026-03-15,393244,390129.1854609248,399662,387050.4604271801,414209,387845.978172553
2026-03-16,399662,378256.6936137094,414209,378262.08216749283,415944,377246.81842954963
2026-03-17,414209,393029.09563272627,415944,376348.689753302,396544,372184.47559091606
2026-03-18,415944,401881.81399690476,396544,381930.19780947006,356912,353013.98727774085
2026-03-19,396544,389726.4638842003,356912,356916.6294877824,368934,350280.23079271184
2026-03-20,356912,359961.8698874453,368934,351439.95693905104,405237,381809.29421495675
2026-03-21,368934,341097.36901323433,405237,372913.0815764265,380397,378763.7119239314
2026-03-22,405237,376027.0851658304,380397,377698.39245240437,374032,377500.83256349113
2026-03-23,380397,380232.172931699,374032,375400.42352251813,364954,372062.5398583479
2026-03-24,374032,387171.1262795809,364954,377065.9702487206,358234,370559.73730944097
2026-03-25,364954,380973.46643655706,358234,373761.57768441964,361861,348751.50570082385
2026-03-26,358234,368756.22466184234,361861,348260.5246190394,347395,342497.80122424866
2026-03-27,361861,351573.782527826,347395,340345.41362083814,354605,370322.33734525903
2026-03-28,347395,358868.43724063825,354605,376396.15901683783,361951,374474.6880335941
2026-03-29,354605,382550.77294822386,361951,378392.7136672019,372145,374327.0442788564
2026-03-30,361951,365334.6833737954,372145,368110.1602246808,379018,368123.5337201179
2026-03-31,372145,382214.0387825015,379018,375879.30886484316,348935,370041.4711489171
2026-04-01,379018,386060.61515697883,348935,370491.61221629253,322831,337490.20141705446
2026-04-02,348935,361934.52815481764,322831,322556.9472857672,341421,314323.50368134206
2026-04-03,322831,330772.46075274254,341421,319526.2495369428,358675,348998.06976791454
2026-04-04,341421,333720.7802963051,358675,361282.95155643695,368615,360175.7807770006
2026-04-05,358675,362920.1439639574,368615,358575.0508829772,361011,355290.5473478158
2026-04-06,368615,364475.07443904295,361011,356941.005216223,349347,353176.6652493912
2026-04-07,361011,373212.1039590713,349347,363093.1746615157,346137,353153.9106779889
2026-04-08,349347,379856.8611932039,346137,358105.20628245815,312470,327052.8731831489
2026-04-09,346137,371394.92067368724,312470,334175.8122707985,325302,322780.5777678781
2026-04-10,312470,334505.0136847201,325302,324121.37361796765,357068,353625.98934243916
2026-04-11,325302,311703.28858035256,357068,346004.0979496742,363266,352817.5970566531
2026-04-12,357068,361653.1488799759,363266,356941.7851155575,384949,354675.5755149012
2026-04-13,363266,354113.22580015066,384949,356361.27020387724,404498,352686.40944927273
2026-04-14,384949,410912.1566769776,404498,387104.42970033694,380767,366255.67274079705
2026-04-15,404498,435981.6908967237,380767,395041.01413711975,321974,344576.4120561217
2026-04-16,380767,429331.5945177791,321974,363193.85909857607,336519,333997.7588224427
2026-04-17,321974,360641.0712006415,336519,333025.37935938593,357800,353617.0624951026
2026-04-18,336519,316415.10739016056,357800,339438.68553767214,356106,341113.5554154109
2026-04-19,357800,351675.971237334,356106,347651.76983925985,358597,346695.4889997069
2026-04-20,356106,360439.55596992286,358597,353179.397536368,337498,350328.3906663189
2026-04-21,358597,373200.736552882,337498,360832.2568977287,326788,352826.8450156802
2026-04-22,337498,354633.2301914977,326788,346531.31470207585,343392,323841.9261974273
2026-04-23,326788,348614.0210609554,343392,325906.9231062725,313468,318881.4315748384
2026-04-24,343392,315717.36590047355,313468,311471.6439236159,326746,345894.82137218426
2026-04-25,313468,316169.429423307,326746,340517.8079797048,340349,347980.1476933416
2026-04-26,326746,348313.6663067522,340349,347435.8755355337,347583,347649.02186252316
2026-04-27,340349,355099.34248637344,347583,351380.20039233175,356882,348383.2681938109
2026-04-28,347583,351335.86920745217,356882,349572.7622433485,336026,348027.3023814069
2026-04-29,356882,348122.17784808914,336026,339619.5728649764,323447,318968.34796219243
2026-04-30,336026,346117.61060404114,323447,316619.704930956,313779,313476.8057881222
2026-05-01,323447,319148.25521360355,313779,306171.8869117076,334864,337149.5998268081
2026-05-02,313779,309612.9441982144,334864,338081.84059301193,353350,343773.3189051689
2026-05-03,334864,347827.16910580936,353350,345934.7684536207,373846,345040.1534520138
2026-05-04,353350,337961.89612026454,373846,340973.611745962,336563,339001.4305299243
2026-05-05,373846,371847.3309624122,336563,359150.73807114916,335930,348081.83681316586
2026-05-06,336563,362751.8244924997,335930,345831.5349516986,331399,317045.2731938192
2026-05-07,335930,338914.3374438365,331399,307433.70418390946,307721,302020.79491306946
2026-05-08,331399,315560.503801885,307721,309163.44293903327,334718,340655.29164787487
2026-05-09,307721,311929.9825718006,334718,337295.2827170089,323865,345897.55933679757
2026-05-10,334718,352882.2695596234,323865,350940.03925585817,350974,349419.47382452356
2026-05-11,323865,339797.49360652216,350974,342282.2724759457,356445,347276.33931508934
2026-05-12,350974,354497.4949204444,356445,349916.9025214167,337305,345434.7939208779
2026-05-13,356445,343779.1440823066,337305,342454.9699892234,316164,322257.4713365244
2026-05-14,337305,342533.74970722146,316164,316308.596812246,350536,316767.585496229
2026-05-15,316164,320755.07016644464,350536,318382.4398950353,434263,353471.99959353276
2026-05-16,350536,337940.65772221785,434263,368687.01267409645,479866,367495.3711588365
2026-05-17,434263,433015.4702856612,479866,405755.2086251413,480880,385254.94959409337
2026-05-18,479866,453525.2413434302,480880,411755.10022284806,370566,385092.8212450567
2026-05-19,480880,483468.55666723987,370566,428997.1691540635,335524,388359.3543420962
2026-05-20,370566,466740.6528056233,335524,412728.2628440298,340623,359051.0333200892
2026-05-21,335524,343944.2670275716,340623,319443.40899931896,335898,322244.7247563521
2026-05-22,340623,315200.1060698081,335898,318124.96812746197,329046,361764.72158091835
2026-05-23,335898,321657.92576119344,329046,358374.02293986065,361276,375269.2992581834
2026-05-24,329046,356498.22151339863,361276,364162.6055342361,391513,374476.42272997386
2026-05-25,361276,387977.3878456513,391513,380908.7697618632,377448,383743.12060464575
2026-05-26,391513,392196.1084343301,377448,388572.5917783959,353815,385586.1818709489
2026-05-27,377448,419358.3010395046,353815,398417.9022967019,15011,368049.78387970664
