date,actual_day1,pred_day1,actual_day2,pred_day2,actual_day3,pred_day3,actual_day4,pred_day4,actual_day5,pred_day5
2024-01-24,434337.3,428845.8,411051.2,425683.5,415228.4,412606.8,391840.8,385392.7,404501.6,397371.4
2024-01-25,411051.2,413049.1,415228.4,418538.5,391840.8,386899.5,404501.6,396831.3,438515.7,443332.0
2024-01-26,415228.4,408776.9,391840.8,387380.4,404501.6,396554.3,438515.7,434285.0,442912.8,441131.9
2024-01-27,391840.8,389618.6,404501.6,396700.9,438515.7,430354.1,442912.8,434685.8,435710.8,428774.8
2024-01-28,404501.6,395817.8,438515.7,427780.7,442912.8,436350.5,435710.8,431287.2,427769.2,418096.8
2024-01-29,438515.7,434130.9,442912.8,433933.2,435710.8,429080.4,427769.2,419361.3,422727.6,424280.5
2024-01-30,442912.8,438313.9,435710.8,427894.4,427769.2,418907.2,422727.6,412362.9,394338.4,406798.9
2024-01-31,435710.8,430822.2,427769.2,417202.2,422727.6,413761.2,394338.4,398077.2,388871.6,390720.1
2024-02-01,427769.2,427024.9,422727.6,415295.7,394338.4,390745.2,388871.6,382286.9,418620.0,423653.6
2024-02-02,422727.6,417860.9,394338.4,393756.6,388871.6,384181.5,418620.0,418010.9,423076.8,428295.1
2024-02-03,394338.4,399860.6,388871.6,385166.4,418620.0,418301.3,423076.8,419625.9,419884.8,414816.1
2024-02-04,388871.6,389191.5,418620.0,415037.1,423076.8,416855.2,419884.8,409842.9,403920.4,402502.2
2024-02-05,418620.0,421266.0,423076.8,417437.3,419884.8,410131.0,403920.4,402428.6,390067.2,393757.1
2024-02-06,423076.8,421091.7,419884.8,409357.6,403920.4,403570.5,390067.2,396526.7,366404.4,361454.7
2024-02-07,419884.8,418396.0,403920.4,401841.9,390067.2,393834.0,366404.4,370322.4,375214.8,361869.6
2024-02-08,403920.4,399134.4,390067.2,391731.8,366404.4,375218.0,375214.8,365144.6,408513.5,395537.5
2024-02-09,390067.2,390933.3,366404.4,368751.4,375214.8,369920.2,408513.5,396388.0,427326.3,414764.2
2024-02-10,366404.4,365655.6,375214.8,366644.0,408513.5,394470.2,427326.3,422984.0,436800.1,421852.4
2024-02-11,375214.8,370023.6,408513.5,394346.9,427326.3,424272.9,436800.1,426546.3,441474.2,418738.8
2024-02-12,408513.5,404969.4,427326.3,419609.4,436800.1,425466.6,441474.2,428550.7,426725.1,411863.8
2024-02-13,427326.3,418810.9,436800.1,427154.0,441474.2,432168.0,426725.1,415451.0,421319.9,403328.9
2024-02-14,436800.1,436052.1,441474.2,432900.1,426725.1,419367.8,421319.9,409065.5,418952.5,400345.1
2024-02-15,441474.2,437203.5,426725.1,418930.1,421319.9,404680.1,418952.5,400159.1,415805.9,408806.6
2024-02-16,426725.1,427233.4,421319.9,408667.0,418952.5,404937.9,415805.9,405744.6,428183.8,410929.2
2024-02-17,421319.9,417194.6,418952.5,409854.5,415805.9,404811.5,428183.8,404634.3,418197.1,397565.9
2024-02-18,418952.5,412657.8,415805.9,413180.2,428183.8,414661.6,418197.1,404252.4,416489.2,405038.9
2024-02-19,415805.9,416383.4,428183.8,417648.2,418197.1,408450.8,416489.2,410439.8,401183.7,411238.0
2024-02-20,428183.8,417614.6,418197.1,406787.5,416489.2,408767.4,401183.7,409630.6,388731.0,391078.6
2024-02-21,418197.1,416237.9,416489.2,405583.6,401183.7,409862.3,388731.0,401816.8,393213.1,391143.3
2024-02-22,416489.2,408704.6,401183.7,404915.5,388731.0,394931.8,393213.1,391857.0,395371.6,422219.5
2024-02-23,401183.7,403493.0,388731.0,390329.3,393213.1,391848.8,395371.6,401187.4,385405.5,394493.6
2024-02-24,388731.0,394823.5,393213.1,389165.9,395371.6,403482.7,385405.5,387468.4,396623.8,392023.3
2024-02-25,393213.1,390168.2,395371.6,397888.7,385405.5,384128.6,396623.8,390227.4,421598.8,404326.1
2024-02-26,395371.6,394766.4,385405.5,384003.1,396623.8,390976.9,421598.8,401348.1,402318.3,393799.8
2024-02-27,385405.5,382136.4,396623.8,393596.7,421598.8,408537.2,402318.3,387365.8,386944.1,374898.7
2024-02-28,396623.8,389940.6,421598.8,412533.6,402318.3,388120.8,386944.1,378160.7,351662.6,341589.6
2024-02-29,421598.8,422432.4,402318.3,393984.4,386944.1,381092.1,351662.6,342263.5,367680.2,367367.2
2024-03-01,402318.3,392929.4,386944.1,385981.1,351662.6,350764.9,367680.2,362629.7,384688.1,368513.8
2024-03-02,386944.1,380593.4,351662.6,346963.3,367680.2,369743.6,384688.1,371129.9,389114.4,377897.1
2024-03-03,351662.6,354603.3,367680.2,366324.5,384688.1,385364.9,389114.4,382789.6,381121.6,387104.2
2024-03-04,367680.2,380257.4,384688.1,387168.5,389114.4,386154.2,381121.6,395416.0,367480.6,377958.2
2024-03-05,384688.1,382049.8,389114.4,389798.6,381121.6,370898.4,367480.6,380827.1,379782.2,381184.2
2024-03-06,389114.4,383577.5,381121.6,383661.7,367480.6,365093.0,379782.2,369250.7,374733.6,365525.8
2024-03-07,381121.6,386889.8,367480.6,367474.8,379782.2,365539.8,374733.6,363062.7,395895.7,404004.6
2024-03-08,367480.6,370225.5,379782.2,361431.0,374733.6,357761.5,395895.7,397461.1,367050.1,381596.9
2024-03-09,379782.2,375124.9,374733.6,365193.0,395895.7,398003.5,367050.1,377303.8,359591.2,372329.6
2024-03-10,374733.6,365263.8,395895.7,397084.4,367050.1,376531.3,359591.2,371384.8,356909.0,367959.5
2024-03-11,396163.2,401373.5,368074.6,376016.8,359799.3,368559.7,357131.9,368595.6,366544.4,369399.5
2024-03-12,368074.6,375546.0,359799.3,369934.4,357131.9,363749.7,366544.4,368999.2,335413.4,351448.7
2024-03-13,359799.3,360931.2,357131.9,357058.9,366544.4,369872.2,335413.4,343013.6,336793.8,338196.6
2024-03-14,357131.9,357836.7,366544.4,369222.8,335413.4,341986.3,336793.8,333592.8,382297.6,373050.7
2024-03-15,366544.4,364307.6,335413.4,331850.4,336793.8,335799.1,382297.6,374349.3,393402.8,392683.8
2024-03-16,335413.4,336522.9,336793.8,336002.2,382297.6,377189.5,393402.8,392422.1,397708.9,388685.9
2024-03-17,336793.8,339574.4,382297.6,378142.1,393402.8,390657.5,397708.9,394236.3,410405.2,396195.5
2024-03-18,382297.6,388033.6,393402.8,390642.8,397708.9,383784.8,410405.2,397539.4,415371.7,400032.1
2024-03-19,393402.8,393618.1,397708.9,386243.8,410405.2,395939.7,415371.7,392638.1,401240.3,385207.2
2024-03-20,397708.9,390006.0,410405.2,402714.9,415371.7,394534.0,401240.3,382006.1,374126.0,358367.4
2024-03-21,410405.2,412053.4,415371.7,400668.4,401240.3,384143.5,374126.0,359429.8,383979.1,373379.4
2024-03-22,415371.7,402663.2,401240.3,388345.2,374126.0,370989.1,383979.1,382490.6,385560.2,369288.7
2024-03-23,401240.3,385134.8,374126.0,375283.7,383979.1,396535.1,385560.2,382088.5,383446.3,379043.8
2024-03-24,374126.0,369850.0,383979.1,396879.5,385560.2,399202.6,383446.3,386348.4,385640.5,381863.4
2024-03-25,383979.1,391262.0,385560.2,396842.2,383446.3,382517.9,385640.5,383092.7,368971.5,377974.7
2024-03-26,385560.2,394884.4,383446.3,382956.3,385640.5,386640.6,368971.5,379355.7,344452.9,346889.8
2024-03-27,383446.3,385485.4,385640.5,378906.2,368971.5,365770.2,344452.9,341229.3,324831.8,341396.4
2024-03-28,385640.5,382995.6,368971.5,366516.5,344452.9,341000.2,324831.8,336422.2,367505.2,362411.5
2024-03-29,368971.5,380277.1,344452.9,342976.7,324831.8,335661.0,367505.2,374331.4,387097.4,392226.2
2024-03-30,344452.9,345463.3,324831.8,331353.6,367505.2,371743.9,387097.4,384968.9,407042.4,401620.7
2024-03-31,324831.8,339730.9,367505.2,389054.1,387097.4,393562.8,407042.4,400652.1,397685.2,392018.4
2024-04-01,367505.2,368901.4,387097.4,392453.0,407042.4,400213.6,397685.2,385041.7,388377.1,382056.8
2024-04-02,387097.4,376602.6,407042.4,397086.0,397685.2,391484.6,388377.1,377935.3,356074.3,360452.3
2024-04-03,407042.4,393382.4,397685.2,393398.2,388377.1,383138.5,356074.3,362141.0,331646.0,333023.9
2024-04-04,397685.2,393732.3,388377.1,382793.6,356074.3,363017.4,331646.0,345674.2,359560.6,350472.6
2024-04-05,388377.1,387154.4,356074.3,355201.2,331646.0,346298.6,359560.6,355874.2,346769.8,351416.5
2024-04-06,356074.3,358813.2,331646.0,338008.2,359560.6,354025.1,346769.8,347736.2,355210.4,374417.4
2024-04-07,331646.0,345475.4,359560.6,355300.9,346769.8,347642.3,355210.4,370422.4,365840.8,375278.9
2024-04-08,359560.6,361339.8,346769.8,348169.8,355210.4,369890.4,365840.8,374577.4,361999.6,360782.0
2024-04-09,346769.8,350195.6,355210.4,360258.3,365840.8,368254.1,361999.6,364847.5,348746.3,341103.5
2024-04-10,355210.4,363484.5,365840.8,368480.1,361999.6,364418.8,348746.3,345555.6,335281.8,338725.2
2024-04-11,365840.8,360696.3,361999.6,362306.4,348746.3,343377.7,335281.8,343537.5,350305.2,340288.4
2024-04-12,361999.6,355864.9,348746.3,350187.9,335281.8,335765.3,350305.2,343177.4,339495.4,339311.3
2024-04-13,348746.3,345502.2,335281.8,333712.2,350305.2,350191.9,339495.4,340409.4,356406.5,360580.6
2024-04-14,335281.8,336437.8,350305.2,354188.9,339495.4,340342.8,356406.5,363168.6,374258.0,376401.4
2024-04-15,350305.2,351769.3,339495.4,341197.5,356406.5,361488.9,374258.0,376561.1,358949.7,357483.6
2024-04-16,339495.4,339888.3,356406.5,354103.6,374258.0,376951.8,358949.7,357516.2,332701.2,324603.6
2024-04-17,356406.5,350293.8,374258.0,373760.8,358949.7,364988.4,332701.2,325508.9,338785.9,318556.5
2024-04-18,374258.0,375203.3,358949.7,355537.9,332701.2,328807.3,338785.9,316677.4,342466.2,338461.9
2024-04-19,358949.7,353781.6,332701.2,324536.9,338785.9,317923.8,342466.2,344758.0,342348.2,348702.8
2024-04-20,332701.2,334484.1,338785.9,318433.9,342466.2,341811.0,342348.2,348200.5,355441.1,369491.9
2024-04-21,338785.9,333703.9,342466.2,344421.2,342348.2,345759.6,355441.1,373129.2,343893.1,372429.2
2024-04-22,342466.2,346857.5,342348.2,349974.7,355441.1,367583.0,343893.1,355820.9,339871.1,341908.5
2024-04-23,342348.2,343636.8,355441.1,364019.3,343893.1,347850.4,339871.1,338301.2,326115.1,333196.5
2024-04-24,355441.1,362740.2,343893.1,349327.5,339871.1,337551.4,326115.1,329572.1,325177.1,323832.1
2024-04-25,343893.1,343642.4,339871.1,337446.7,326115.1,325123.3,325177.1,327468.7,367016.0,356142.7
2024-04-26,339871.1,335461.1,326115.1,321948.9,325177.1,325693.1,367016.0,359545.3,357613.3,355786.1
2024-04-27,326115.1,320687.0,325177.1,324795.1,367016.0,363246.7,357613.3,362335.1,350559.3,353381.3
2024-04-28,325177.1,331288.9,367016.0,363169.9,357613.3,361170.8,350559.3,356575.5,349934.1,344483.0
2024-04-29,367016.0,361769.3,357613.3,362769.8,350559.3,358559.0,349934.1,346175.3,341938.5,350954.1
2024-04-30,357613.3,364481.1,350559.3,356077.9,349934.1,348865.3,341938.5,345329.8,322140.8,333817.9
2024-05-01,350559.3,352772.6,349934.1,351101.0,341938.5,344797.9,322140.8,333244.5,337957.7,334401.3
2024-05-02,349934.1,354662.8,341938.5,347174.5,322140.8,325864.4,337957.7,339120.8,350569.2,349219.4
2024-05-03,341938.5,347475.8,322140.8,328845.1,337957.7,338861.9,350569.2,352985.1,351353.3,354471.2
2024-05-04,322140.8,320433.7,337957.7,336050.3,350569.2,356567.9,351353.3,352565.9,377331.9,367309.9
2024-05-05,337957.7,338461.3,350569.2,359381.4,351353.3,352630.4,377331.9,369229.4,361007.1,362120.8
2024-05-06,350569.2,360722.2,351353.3,353369.9,377331.9,375674.3,361007.1,374117.2,355508.9,366119.4
2024-05-07,351353.3,353746.7,377331.9,373073.7,361007.1,372598.8,355508.9,367577.5,318879.9,334412.9
2024-05-08,377331.9,379071.2,361007.1,372087.8,355508.9,368503.3,318879.9,333305.8,322478.1,326878.5
2024-05-09,361007.1,360450.0,355508.9,361479.7,318879.9,330083.6,322478.1,332389.9,347954.5,345002.2
2024-05-10,355508.9,356184.2,318879.9,325327.6,322478.1,330173.2,347954.5,353291.2,354708.7,358428.4
2024-05-11,318879.9,322705.4,322478.1,335492.4,347954.5,357004.0,354708.7,362623.1,367413.8,366944.0
2024-05-12,322478.1,328048.9,347954.5,355401.8,354708.7,361181.7,367413.8,364912.2,363811.8,349299.1
2024-05-13,347954.5,350568.2,354708.7,361904.7,367413.8,363982.5,363811.8,355645.1,358675.7,360507.4
2024-05-14,354708.7,358574.6,367413.8,363289.6,363811.8,358877.6,358675.7,364933.7,336962.2,338369.8
2024-05-15,367413.8,367395.4,363811.8,361995.2,358675.7,353323.8,336962.2,336306.3,336055.7,332668.4
2024-05-16,363811.8,364140.0,358675.7,356090.7,336962.2,333106.2,336055.7,321063.7,377639.7,353107.6
2024-05-17,358675.7,362582.6,336962.2,336857.0,336055.7,333831.1,377639.7,372802.7,408915.3,375651.4
2024-05-18,336962.2,336761.9,336055.7,331556.2,377639.7,377559.3,408915.3,391692.6,434374.8,408497.5
2024-05-19,336055.7,334906.6,377639.7,379693.3,408915.3,403900.7,434374.8,424187.5,424935.4,404561.5
2024-05-20,377639.7,378537.2,408915.3,400838.9,434374.8,434830.7,424935.4,425165.8,414010.5,368364.4
2024-05-21,408915.3,401400.2,434374.8,429968.4,424935.4,432449.1,414010.5,417980.9,375231.5,359524.4
2024-05-22,434374.8,430630.4,424935.4,436551.2,414010.5,413423.2,375231.5,394908.8,382548.6,366553.8
2024-05-23,424935.4,428861.5,414010.5,415253.1,375231.5,388760.0,382548.6,378705.9,398973.8,391586.2
2024-05-24,414010.5,417827.4,375231.5,374784.1,382548.6,379537.4,398973.8,378614.6,415980.2,406763.5
2024-05-25,375231.5,374873.0,382548.6,382064.6,398973.8,386809.5,415980.2,401272.6,393945.3,407751.3
2024-05-26,382548.6,388637.9,398973.8,386681.5,415980.2,409164.9,393945.3,393174.3,368524.5,370720.5
2024-05-27,398973.8,392927.6,415980.2,405188.2,393945.3,396186.9,368524.5,366731.1,365780.0,369214.5
2024-05-28,415980.2,409307.6,393945.3,394273.8,368524.5,370214.5,365780.0,363375.8,360184.6,353932.8
2024-05-29,393945.3,397647.5,368524.5,369671.4,365780.0,362957.1,360184.6,346959.6,378134.6,372634.2
2024-05-30,368524.5,369487.3,365780.0,364616.2,360184.6,349765.6,378134.6,357723.1,448339.3,421234.1
2024-05-31,365780.0,361744.2,360184.6,359994.8,378134.6,362308.5,448339.3,398782.2,455098.1,413233.4
2024-06-01,360184.6,359977.5,378134.6,375763.9,448339.3,412299.2,455098.1,414698.4,461010.4,414083.4
2024-06-02,378134.6,391029.3,448339.3,425037.0,455098.1,416385.2,461010.4,420544.2,475275.5,422799.1
2024-06-03,448339.3,455277.8,455098.1,430264.9,461010.4,416569.3,475275.5,428167.1,437776.6,416136.9
2024-06-04,455098.1,450287.3,461010.4,443711.7,475275.5,431257.1,437776.6,412281.5,379216.5,370388.5
2024-06-05,461010.4,448555.7,475275.5,452878.9,437776.6,417412.4,379216.5,369926.6,372918.6,356725.1
2024-06-06,475275.5,474983.8,437776.6,421691.1,379216.5,372873.1,372918.6,371196.7,397210.2,390770.4
2024-06-07,437776.6,441783.1,379216.5,371021.5,372918.6,368359.6,397210.2,404645.1,396021.2,383712.9
2024-06-08,379216.5,373400.8,372918.6,366328.2,397210.2,398072.0,396021.2,391641.7,400072.8,408271.6
2024-06-09,372918.6,371047.8,397210.2,398486.0,396021.2,386317.8,400072.8,406659.4,437884.4,446956.9
2024-06-10,397210.2,398525.7,396021.2,391112.7,400072.8,409741.6,437884.4,444566.9,460499.6,479209.7
2024-06-11,396021.2,394159.1,400072.8,405333.1,437884.4,442094.4,460499.6,460959.3,392856.5,398715.3
2024-06-12,400072.8,403222.1,437884.4,433856.1,460499.6,455456.2,392856.5,372386.9,373329.5,370135.0
2024-06-13,437884.4,439952.4,460499.6,452215.8,392856.5,384596.8,373329.5,369476.8,472702.2,449768.2
2024-06-14,460499.6,461123.6,392856.5,390424.6,373329.5,369166.4,472702.2,473412.8,528596.9,510155.6
2024-06-15,392856.5,389357.8,373329.5,367308.3,472702.2,473228.4,528596.9,545875.9,543995.9,536910.8
2024-06-16,373329.5,376194.3,472702.2,456809.9,528596.9,534263.4,543995.9,531923.0,560369.0,551450.5
2024-06-17,472702.2,469564.2,528596.9,513270.1,543995.9,516177.4,560369.0,553768.6,569749.0,553587.1
2024-06-18,528596.9,531229.8,543995.9,511510.4,560369.0,550733.5,569749.0,543398.4,535052.4,512680.9
2024-06-19,543995.9,531248.5,560369.0,547903.9,569749.0,530729.9,535052.4,483511.5,528587.1,492438.6
2024-06-20,560369.0,560367.1,569749.0,555070.6,535052.4,495443.4,528587.1,502406.0,487872.3,517385.6
2024-06-21,569749.0,566755.2,535052.4,532068.5,528587.1,504044.7,487872.3,511737.0,488335.3,501813.8
2024-06-22,535052.4,535697.4,528587.1,521072.5,487872.3,485615.8,488335.3,499411.6,525514.2,508390.9
2024-06-23,528587.1,533174.6,487872.3,487143.2,488335.3,486641.4,525514.2,516620.3,474387.6,463146.1
2024-06-24,487872.3,508380.3,488335.3,480269.2,525514.2,523561.0,474387.6,455781.0,413704.8,412634.4
2024-06-25,488335.3,492166.4,525514.2,505426.9,474387.6,457885.5,413704.8,439860.0,428964.9,440401.9
2024-06-26,525514.2,539095.0,474387.6,467396.4,413704.8,431821.2,428964.9,452473.8,459816.4,453562.0
2024-06-27,474387.6,485442.6,413704.8,427043.3,428964.9,432409.0,459816.4,477530.6,431153.8,442880.1
2024-06-28,413704.8,425205.1,428964.9,427824.6,459816.4,471968.8,431153.8,449073.9,442763.4,441638.7
2024-06-29,428964.9,426958.3,459816.4,463778.5,431153.8,423887.5,442763.4,440876.0,464046.5,470378.3
2024-06-30,459816.4,475553.2,431153.8,431117.4,442763.4,433489.8,464046.5,457893.1,468302.4,449981.1
2024-07-01,431153.8,430618.8,442763.4,440935.8,464046.5,459196.8,468302.4,457758.3,535066.4,491970.1
2024-07-02,442763.4,445872.9,464046.5,462145.2,468302.4,448375.6,535066.4,515666.6,524041.5,477141.9
2024-07-03,464046.5,469212.4,468302.4,456434.9,535066.4,497654.7,524041.5,488856.1,521386.3,479013.3
2024-07-04,468302.4,470947.5,535066.4,520641.8,524041.5,493829.1,521386.3,472993.9,575042.6,519554.4
2024-07-05,535066.4,538101.4,524041.5,494410.9,521386.3,486860.1,575042.6,523433.9,584880.1,537690.1
2024-07-06,524041.5,522872.4,521386.3,493264.0,575042.6,546658.5,584880.1,535370.1,596677.6,520687.8
2024-07-07,521386.3,522034.9,575042.6,553897.0,584880.1,562351.1,596677.6,527022.8,560343.4,518049.7
2024-07-08,575042.6,563503.9,584880.1,559082.9,596677.6,546934.0,560343.4,529318.6,537022.4,546419.6
2024-07-09,584880.1,569605.0,596677.6,562324.9,560343.4,542552.2,537022.4,534682.9,514810.5,511685.2
2024-07-10,596677.6,592918.5,560343.4,557518.1,537022.4,527104.8,514810.5,517334.5,519002.1,524804.2
2024-07-11,560343.4,568779.8,537022.4,529546.1,514810.5,516165.5,519002.1,544389.9,582247.9,594960.0
2024-07-12,537022.4,541915.1,514810.5,515000.9,519002.1,536767.1,582247.9,592003.0,592566.5,603646.5
2024-07-13,514810.5,517010.4,519002.1,526858.6,582247.9,588349.9,592566.5,610131.6,572022.5,586088.9
2024-07-14,519002.1,536784.9,582247.9,584824.0,592566.5,573088.6,572022.5,591899.1,523045.9,504416.7
2024-07-15,582247.9,595163.6,592566.5,575653.9,572022.5,566516.9,523045.9,507153.2,474956.4,476012.8
2024-07-16,592566.5,600238.6,572022.5,566494.6,523045.9,501565.7,474956.4,475104.6,457243.6,456477.6
2024-07-17,572022.5,581492.9,523045.9,512797.7,474956.4,476285.0,457243.6,457448.8,482653.8,479170.2
2024-07-18,523045.9,529655.2,474956.4,483978.8,457243.6,464019.1,482653.8,477399.7,526453.9,525882.8
2024-07-19,474956.4,480931.7,457243.6,451854.6,482653.8,484435.2,526453.9,526124.4,515698.6,525586.9
2024-07-20,457243.6,469058.8,482653.8,470995.9,526453.9,520936.9,515698.6,530107.0,522293.2,524224.5
2024-07-21,482653.8,482380.1,526453.9,505769.8,515698.6,510188.3,522293.2,501326.6,504413.3,515467.1
2024-07-22,526453.9,538235.2,515698.6,502867.0,522293.2,513504.6,504413.3,513922.1,459510.6,495328.3
2024-07-23,515698.6,534704.2,522293.2,525006.5,504413.3,514387.5,459510.6,480012.9,446800.9,468594.2
2024-07-24,522293.2,518702.7,504413.3,501725.1,459510.6,473781.5,446800.9,462170.4,457039.0,484557.8
2024-07-25,504413.3,512351.0,459510.6,466134.9,446800.9,456655.5,457039.0,482908.5,512722.9,536944.2
2024-07-26,459510.6,472474.7,446800.9,457840.6,457039.0,478916.0,512722.9,519701.2,549084.2,527985.3
2024-07-27,446800.9,457168.4,457039.0,472828.4,512722.9,519301.2,549084.2,529032.7,565967.1,519869.8
2024-07-28,457039.0,473045.2,512722.9,512755.3,549084.2,529805.1,565967.1,533446.6,578336.4,555752.2
2024-07-29,512722.9,520573.0,549084.2,529672.4,565967.1,537575.9,578336.4,558417.5,580015.9,570543.2
2024-07-30,549084.2,554697.8,565967.1,551479.4,578336.4,564654.2,580015.9,563814.8,536893.8,530207.2
2024-07-31,565967.1,555997.8,578336.4,571824.8,580015.9,568876.8,536893.8,531011.6,501761.9,511533.6
2024-08-01,578336.4,580149.9,580015.9,572501.4,536893.8,522745.7,501761.9,520332.4,544648.9,543278.1
2024-08-02,580015.9,583867.6,536893.8,522181.9,501761.9,512762.5,544648.9,553424.1,537462.8,493839.2
2024-08-03,536893.8,539542.2,501761.9,499001.4,544648.9,542049.6,537462.8,526817.2,448992.2,489119.8
2024-08-04,501761.9,514839.8,544648.9,549914.8,537462.8,495151.6,448992.2,433836.4,437164.2,469289.4
2024-08-05,544648.9,553223.0,537462.8,518490.1,448992.2,430184.9,437164.2,431914.3,498952.6,468275.1
2024-08-06,537462.8,517305.5,448992.2,441288.2,437164.2,431155.3,498952.6,468881.2,459297.7,451792.0
2024-08-07,448992.2,461706.2,437164.2,436351.8,498952.6,492338.0,459297.7,438701.7,421812.7,402969.9
2024-08-08,437164.2,438527.1,498952.6,486700.0,459297.7,458626.7,421812.7,399448.2,436269.2,451717.1
2024-08-09,498952.6,491928.1,459297.7,462044.2,421812.7,413670.8,436269.2,434002.7,436644.0,448953.8
2024-08-10,459297.7,463476.5,421812.7,425630.7,436269.2,442717.5,436644.0,437593.2,465624.4,471181.6
2024-08-11,421812.7,413960.0,436269.2,455007.6,436644.0,437296.3,465624.4,462221.8,480984.3,474556.9
2024-08-12,436269.2,443089.8,436644.0,451331.1,465624.4,468272.6,480984.3,473925.7,492953.8,471981.4
2024-08-13,436644.0,440810.3,465624.4,474129.4,480984.3,480445.2,492953.8,474839.0,462049.4,440729.8
2024-08-14,465624.4,471331.8,480984.3,487041.1,492953.8,490868.7,462049.4,440308.4,454911.8,435564.5
2024-08-15,480984.3,485508.4,492953.8,498921.6,462049.4,455527.8,454911.8,448156.3,477779.3,476706.8
2024-08-16,492953.8,499816.3,462049.4,470635.1,454911.8,452692.4,477779.3,475366.4,401830.7,408371.6
2024-08-17,462049.4,466398.0,454911.8,455814.0,477779.3,486144.7,401830.7,404571.4,382128.4,393421.1
2024-08-18,454911.8,452686.2,477779.3,481099.3,401830.7,403522.1,382128.4,386520.8,389305.5,409752.5
2024-08-19,477779.3,482425.4,401830.7,413486.5,382128.4,382954.4,389305.5,391593.0,407430.4,422115.1
2024-08-20,401830.7,402076.7,382128.4,385367.2,389305.5,384034.2,407430.4,409437.8,405100.9,419298.5
2024-08-21,382128.4,379350.9,389305.5,384295.2,407430.4,403988.4,405100.9,414011.0,425265.6,441172.2
2024-08-22,389305.5,384845.1,407430.4,404415.4,405100.9,407810.8,425265.6,429523.4,475761.7,483322.3
2024-08-23,407430.4,404994.8,405100.9,410013.0,425265.6,424348.9,475761.7,471502.6,487562.4,475236.5
2024-08-24,405100.9,408812.0,425265.6,429808.3,475761.7,469380.3,487562.4,471519.9,539447.6,445558.7
2024-08-25,425265.6,423638.2,475761.7,480180.4,487562.4,480763.5,539447.6,515674.7,475352.9,421051.5
2024-08-26,475761.7,481897.2,487562.4,495507.7,539447.6,521513.0,475352.9,450496.4,437924.2,400804.4
2024-08-27,487562.4,497485.6,539447.6,518124.4,475352.9,454376.3,437924.2,414124.8,429079.3,397168.7
2024-08-28,539447.6,523544.6,475352.9,440955.4,437924.2,418810.3,429079.3,421266.1,436964.0,429450.6
2024-08-29,475352.9,468927.6,437924.2,425531.4,429079.3,429086.0,436964.0,457263.9,394826.7,400342.3
2024-08-30,437924.2,440354.9,429079.3,430356.3,436964.0,450209.8,394826.7,404921.8,382424.2,391426.7
2024-08-31,429079.3,430120.8,436964.0,437931.3,394826.7,406150.2,382424.2,390642.4,392797.2,400724.4
2024-09-01,436964.0,451611.0,394826.7,405051.0,382424.2,388863.6,392797.2,397349.4,401446.4,411987.6
2024-09-02,394826.7,405159.6,382424.2,390246.1,392797.2,398634.9,401446.4,407193.6,415108.2,426848.7
2024-09-03,382424.2,382126.1,392797.2,397424.9,401446.4,407657.4,415108.2,430593.6,387435.4,403863.0
2024-09-04,392797.2,391166.4,401446.4,407597.7,415108.2,421500.7,387435.4,394566.4,338759.6,354253.6
2024-09-05,401446.4,401173.3,415108.2,415776.4,387435.4,382015.1,338759.6,340753.0,377879.4,392622.9
2024-09-06,415108.2,418203.1,387435.4,382405.8,338759.6,334689.8,377879.4,388660.5,388963.7,418125.6
2024-09-07,387435.4,386407.7,338759.6,333059.8,377879.4,380254.1,388963.7,413038.0,389352.4,431126.4
2024-09-08,338759.6,334567.7,377879.4,379565.3,388963.7,397138.1,389352.4,409068.7,408411.8,444635.6
2024-09-09,377879.4,376792.2,388963.7,390167.0,389352.4,398266.3,408411.8,422955.4,420935.8,439000.6
2024-09-10,388963.7,384902.9,389352.4,393651.6,408411.8,413206.1,420935.8,425948.6,411902.8,416604.7
2024-09-11,389352.4,391788.1,408411.8,412620.9,420935.8,424978.9,411902.8,414662.8,404634.8,417461.5
2024-09-12,408411.8,405933.8,420935.8,423487.1,411902.8,416208.8,404634.8,411626.1,415596.8,430040.1
2024-09-13,420935.8,418642.1,411902.8,413489.2,404634.8,411083.1,415596.8,430450.3,422265.4,424673.9
2024-09-14,411902.8,406034.9,404634.8,410209.7,415596.8,430982.9,422265.4,430940.2,421286.5,426955.4
2024-09-15,404634.8,400582.4,415596.8,430902.9,422265.4,430859.5,421286.5,439871.7,434129.2,420300.1
2024-09-16,415596.8,420024.1,422265.4,428772.7,421286.5,426400.7,434129.2,425663.6,429267.0,411010.7
2024-09-17,422265.4,424851.4,421286.5,423653.0,434129.2,421367.6,429267.0,411146.3,387404.8,369500.8
2024-09-18,421286.5,423806.0,434129.2,410380.9,429267.0,400913.0,387404.8,370598.2,372482.3,346095.8
2024-09-19,434129.2,436131.6,429267.0,407265.4,387404.8,370001.2,372482.3,353494.6,389014.1,371438.5
2024-09-20,429267.0,426538.6,387404.8,386767.0,372482.3,357954.9,389014.1,377864.7,376809.7,384330.4
2024-09-21,387404.8,383589.1,372482.3,364564.4,389014.1,384499.6,376809.7,383107.3,384112.2,390834.1
2024-09-22,372482.3,364869.4,389014.1,388046.8,376809.7,385572.7,384112.2,390677.7,406782.8,401342.1
2024-09-23,389014.1,388887.8,376809.7,383610.6,384112.2,394286.4,406782.8,405695.7,393651.8,383384.6
2024-09-24,376809.7,380302.4,384112.2,391257.6,406782.8,403064.5,393651.8,392279.0,368122.0,357225.7
2024-09-25,384112.2,385536.9,406782.8,403507.4,393651.8,389148.4,368122.0,355845.8,360453.3,350134.1
2024-09-26,406782.8,404372.6,393651.8,398382.0,368122.0,365855.2,360453.3,350262.1,380778.4,381456.7
2024-09-27,393651.8,398492.4,368122.0,370155.8,360453.3,353316.3,380778.4,383264.7,378816.1,381637.4
2024-09-28,368122.0,367944.5,360453.3,359739.5,380778.4,390897.1,378816.1,385624.9,374092.7,380529.5
2024-09-29,360453.3,354319.9,380778.4,389818.4,378816.1,388850.6,374092.7,377639.3,369086.5,365402.6
2024-09-30,380778.4,383509.9,378816.1,385157.2,374092.7,380765.3,369086.5,378053.2,370990.9,380821.3
2024-10-01,378816.1,375661.8,374092.7,375734.2,369086.5,374044.4,370990.9,386589.6,346119.0,361510.7
2024-10-02,374092.7,374230.5,369086.5,370365.4,370990.9,375690.9,346119.0,360326.3,337240.4,345571.8
2024-10-03,369086.5,369542.8,370990.9,376701.1,346119.0,353728.2,337240.4,341981.4,375051.5,381894.7
2024-10-04,370990.9,373048.6,346119.0,350677.8,337240.4,337904.7,375051.5,376710.4,358369.9,359808.2
2024-10-05,346119.0,342251.1,337240.4,339456.4,375051.5,378006.1,358369.9,358437.1,362094.7,358359.4
2024-10-06,337240.4,336638.6,375051.5,376148.6,358369.9,361504.4,362094.7,358488.2,360122.7,360658.1
2024-10-07,375051.5,375059.9,358369.9,362388.9,362094.7,358060.8,360122.7,358609.4,354992.6,353584.4
2024-10-08,358369.9,360635.1,362094.7,362821.9,360122.7,361134.8,354992.6,354852.3,327887.9,332498.8
2024-10-09,362094.7,361459.4,360122.7,360883.8,354992.6,353969.9,327887.9,329868.6,349856.4,343384.0
2024-10-10,360122.7,365999.6,354992.6,354842.4,327887.9,329985.3,349856.4,345551.8,373774.6,369139.4
2024-10-11,354992.6,356779.2,327887.9,329215.3,349856.4,351268.1,373774.6,367604.0,370139.3,373024.9
2024-10-12,327887.9,330359.9,349856.4,350040.6,373774.6,369537.7,370139.3,370560.4,371417.8,377068.0
2024-10-13,349856.4,349127.8,373774.6,371236.0,370139.3,375357.6,371417.8,376151.8,365920.3,364980.4
2024-10-14,373774.6,367410.9,370139.3,375412.4,371417.8,379656.4,365920.3,364624.2,359358.6,356901.8
2024-10-15,370139.3,375777.3,371417.8,373143.7,365920.3,365022.4,359358.6,355484.6,334870.2,329859.3
2024-10-16,371417.8,374662.8,365920.3,363201.8,359358.6,355934.8,334870.2,329742.6,330019.3,325134.9
2024-10-17,365920.3,366731.7,359358.6,355723.0,334870.2,329388.2,330019.3,324807.8,363869.0,360196.9
2024-10-18,359358.6,357646.2,334870.2,329113.7,330019.3,325387.9,363869.0,363210.3,373494.9,369005.7
2024-10-19,334870.2,333018.1,330019.3,324795.2,363869.0,362709.5,373494.9,370438.7,376029.1,366381.2
2024-10-20,330019.3,327592.1,363869.0,363283.7,373494.9,370609.3,376029.1,366976.9,366183.6,363347.9
2024-10-21,363869.0,361909.6,373494.9,372265.4,376029.1,366596.8,366183.6,358026.2,361115.3,358332.0
2024-10-22,373494.9,367652.8,376029.1,368418.9,366183.6,357286.8,361115.3,357829.4,337179.0,338558.8
2024-10-23,376029.1,371443.2,366183.6,361228.9,361115.3,355624.1,337179.0,341849.5,340858.4,338985.8
2024-10-24,366183.6,364346.7,361115.3,356373.5,337179.0,335865.1,340858.4,331999.1,369181.0,368473.7
2024-10-25,361115.3,359357.2,337179.0,337193.3,340858.4,332763.2,369181.0,364983.5,380777.0,366770.0
2024-10-26,337179.0,337678.3,340858.4,334099.6,369181.0,367207.3,380777.0,369583.1,369938.6,370412.3
2024-10-27,340858.4,343184.5,369181.0,369135.6,380777.0,374023.5,369938.6,371247.3,376387.7,379206.8
2024-10-28,369181.0,374088.5,380777.0,374322.9,369938.6,374868.7,376387.7,378337.5,380281.1,380339.8
2024-10-29,380777.0,376206.8,369938.6,372485.6,376387.7,378173.8,380281.1,378819.9,345239.7,341065.1
2024-10-30,369938.6,368959.0,376387.7,378975.8,380281.1,379583.3,345239.7,339533.2,343904.8,344012.9
2024-10-31,376387.7,376944.9,380281.1,379176.8,345239.7,335524.8,343904.8,343059.5,385143.7,381030.6
2024-11-01,380281.1,379610.8,345239.7,335124.1,343904.8,342643.5,385143.7,382301.5,371788.1,374661.1
2024-11-02,345239.7,344293.7,343904.8,338422.7,385143.7,375225.7,371788.1,371117.3,385901.4,371213.2
2024-11-03,343904.8,345002.8,385143.7,375460.4,371788.1,373950.6,385901.4,372560.9,378982.2,361237.2
2024-11-04,385333.7,382786.5,371796.0,375305.6,386181.1,378167.2,378475.5,364114.1,367490.8,357929.4
2024-11-05,371796.0,378120.2,386181.1,381413.5,378475.5,369796.2,367490.8,358321.8,344835.8,338400.1
2024-11-06,386181.1,381892.1,378475.5,375371.2,367490.8,357920.8,344835.8,337929.6,355471.9,345275.1
2024-11-07,378475.5,379412.3,367490.8,361031.3,344835.8,341598.1,355471.9,356495.4,374032.4,362994.0
2024-11-08,367490.8,371842.2,344835.8,346484.8,355471.9,356447.0,374032.4,364324.3,377863.1,374956.4
2024-11-09,344835.8,351132.5,355471.9,355498.9,374032.4,363300.0,377863.1,372189.5,387729.1,379892.2
2024-11-10,355471.9,351711.1,374032.4,364616.8,377863.1,376092.8,387729.1,386504.9,400435.7,395588.2
2024-11-11,374032.4,365097.6,377863.1,376180.9,387729.1,388516.7,400435.7,396664.0,386294.8,386521.3
2024-11-12,377863.1,386727.6,387729.1,390081.4,400435.7,401524.4,386294.8,382813.8,354836.1,364813.8
2024-11-13,387729.1,391343.5,400435.7,398557.8,386294.8,389210.0,354836.1,359033.3,353747.7,353905.6
2024-11-14,400435.7,397890.9,386294.8,386239.8,354836.1,356173.7,353747.7,355351.7,371603.2,380086.1
2024-11-15,386294.8,389570.5,354836.1,357748.4,353747.7,353909.2,371603.2,379564.3,376741.3,382143.1
2024-11-16,354836.1,357793.6,353747.7,353788.6,371603.2,379335.1,376741.3,384489.5,378482.8,386368.1
2024-11-17,353747.7,353547.2,371603.2,378691.2,376741.3,380719.5,378482.8,377265.0,394329.8,389941.2
2024-11-18,371603.2,379336.2,376741.3,378926.8,378482.8,374725.7,394329.8,393379.6,406854.2,402656.1
2024-11-19,376741.3,377019.1,378482.8,378198.3,394329.8,394178.8,406854.2,399018.7,375698.4,376485.1
2024-11-20,378482.8,382724.1,394329.8,397338.8,406854.2,403390.8,375698.4,377980.0,368591.7,371364.6
2024-11-21,394329.8,393593.9,406854.2,393775.4,375698.4,374288.9,368591.7,368206.2,386591.6,395895.2
2024-11-22,406854.2,401327.6,375698.4,374195.6,368591.7,365906.4,386591.6,394408.1,395850.0,400220.1
2024-11-23,375698.4,372845.8,368591.7,368680.4,386591.6,392197.4,395850.0,399424.9,389191.8,398239.9
2024-11-24,368591.7,370752.1,386591.6,392239.6,395850.0,398007.7,389191.8,401049.4,380961.5,372886.6
2024-11-25,386591.6,394442.1,395850.0,398103.7,389191.8,396592.8,380961.5,372454.4,387608.0,386642.4
2024-11-26,395850.0,397338.8,389191.8,398008.9,380961.5,372732.8,387608.0,388424.9,398750.8,377277.4
2024-11-27,389191.8,395660.0,380961.5,373966.8,387608.0,382602.8,398750.8,381562.2,412708.9,399251.4
2024-11-28,380961.5,367785.9,387608.0,387792.6,398750.8,384873.6,412708.9,397862.4,439638.3,425798.2
2024-11-29,387608.0,388951.8,398750.8,389624.2,412708.9,399510.5,439638.3,423983.8,440666.2,422571.7
2024-11-30,398750.8,387744.3,412708.9,403594.9,439638.3,425674.2,440666.2,424534.2,447652.6,432146.5
2024-12-01,412708.9,404584.4,439638.3,428293.6,440666.2,427150.6,447652.6,433298.0,445662.4,428939.2
2024-12-02,439638.3,432345.1,440666.2,427707.3,447652.6,435273.0,445662.4,429136.8,452744.1,439609.4
2024-12-03,440666.2,435268.9,447652.6,435292.3,445662.4,434334.1,452744.1,438933.4,426282.3,422062.2
2024-12-04,447652.6,434093.0,445662.4,433798.4,452744.1,440125.4,426282.3,419525.9,403296.4,401003.8
2024-12-05,445662.4,436262.0,452744.1,440928.8,426282.3,421598.8,403296.4,402832.9,424458.0,419753.6
2024-12-06,452744.1,448742.6,426282.3,420503.2,403296.4,400016.6,424458.0,424796.0,415008.3,410749.0
2024-12-07,426282.3,421737.6,403296.4,400516.0,424458.0,425240.1,415008.3,419133.9,412994.3,411828.8
2024-12-08,403296.4,395627.8,424458.0,422483.9,415008.3,413406.2,412994.3,410129.8,433377.1,422957.7
2024-12-09,424458.0,418614.2,415008.3,409139.6,412994.3,409648.6,433377.1,426787.8,453407.7,438840.6
2024-12-10,415008.3,411513.1,412994.3,409165.2,433377.1,425825.5,453407.7,439353.4,434484.8,409670.6
2024-12-11,412994.3,407628.2,433377.1,425565.8,453407.7,438480.6,434484.8,412305.3,432460.0,397074.6
2024-12-12,433377.1,433876.2,453407.7,442645.6,434484.8,415237.9,432460.0,401300.4,434083.2,414480.7
2024-12-13,453407.7,449624.6,434484.8,418768.7,432460.0,411451.4,434083.2,421163.7,406973.3,400206.9
2024-12-14,434484.8,424061.1,432460.0,417795.6,434083.2,426239.2,406973.3,404647.4,413074.0,400929.6
2024-12-15,432460.0,425169.0,434083.2,429430.6,406973.3,405590.2,413074.0,408225.1,425503.8,422661.4
2024-12-16,434083.2,428794.3,406973.3,407637.2,413074.0,414414.2,425503.8,420773.0,450900.0,450276.8
2024-12-17,406973.3,406247.6,413074.0,411854.5,425503.8,417175.9,450900.0,437409.8,454144.8,432152.3
2024-12-18,413074.0,412076.6,425503.8,416012.7,450900.0,437958.2,454144.8,428705.8,478527.8,438724.8
2024-12-19,425503.8,416651.0,450900.0,431996.9,454144.8,430174.0,478527.8,443277.3,499811.3,464581.9
2024-12-20,450900.0,433718.8,454144.8,429201.9,478527.8,444730.6,499811.3,464764.1,452745.7,450570.2
2024-12-21,454144.8,441001.8,478527.8,447533.9,499811.3,468861.2,452745.7,447148.4,421329.6,417215.9
2024-12-22,478527.8,465688.5,499811.3,472514.2,452745.7,446165.5,421329.6,417731.8,452403.8,435689.4
2024-12-23,499811.3,491212.4,452745.7,453736.6,421329.6,418083.4,452403.8,428923.3,446690.1,428756.9
2024-12-24,452745.7,471952.1,421329.6,424498.2,452403.8,434723.0,446690.1,433010.6,407171.2,414268.9
2024-12-25,421329.6,420065.6,452403.8,431448.3,446690.1,431904.2,407171.2,406802.7,384031.8,388815.8
2024-12-26,452403.8,437819.8,446690.1,431196.1,407171.2,407328.2,384031.8,389976.2,389720.1,402784.7
2024-12-27,446690.1,438944.9,407171.2,407993.2,384031.8,385603.1,389720.1,397629.1,387804.1,403318.7
2024-12-28,407171.2,403348.4,384031.8,384546.9,389720.1,394874.6,387804.1,402352.7,386467.0,398758.8
2024-12-29,384031.8,382049.5,389720.1,396651.4,387804.1,402210.5,386467.0,396457.5,433967.6,422186.2
2024-12-30,389720.1,398274.6,387804.1,402610.9,386467.0,398931.2,433967.6,421949.8,443964.7,435436.7
2024-12-31,387804.1,399381.2,386467.0,395201.9,433967.6,422794.8,443964.7,434974.3,444489.6,427740.3
2025-01-01,386467.0,384837.1,433967.6,417871.0,443964.7,429573.2,444489.6,423108.5,444304.1,426154.8
2025-01-02,433967.6,420207.5,443964.7,429753.5,444489.6,424317.9,444304.1,421102.1,478158.8,458426.7
2025-01-03,443964.7,436651.4,444489.6,425297.2,444304.1,424198.4,478158.8,459100.1,489500.0,464487.6
2025-01-04,444489.6,434232.8,444304.1,424532.5,478158.8,458639.5,489500.0,463046.1,491537.4,464475.1
2025-01-05,444304.1,434232.8,478158.8,463307.9,489500.0,466089.9,491537.4,475321.9,490375.4,477308.1
2025-01-06,478158.8,464956.6,489500.0,468306.8,491537.4,474862.0,490375.4,485678.4,457751.5,461143.9
2025-01-07,489500.0,476268.9,491537.4,474944.1,490375.4,476212.5,457751.5,459804.2,439882.7,437524.5
2025-01-08,491537.4,489035.1,490375.4,477453.0,457751.5,460349.8,439882.7,436574.5,420996.1,416950.1
2025-01-09,490375.4,486825.5,457751.5,460084.4,439882.7,430743.8,420996.1,416551.1,450532.6,444144.4
2025-01-10,457751.5,461183.5,439882.7,434443.0,420996.1,411403.3,450532.6,438073.0,460619.0,456255.0
2025-01-11,439882.7,431558.1,420996.1,410482.4,450532.6,431553.4,460619.0,445846.0,474181.2,463695.0
2025-01-12,420996.1,409511.6,450532.6,432351.9,460619.0,447557.6,474181.2,461205.9,471935.7,459227.8
2025-01-13,450532.6,436925.1,460619.0,449213.0,474181.2,460402.4,471935.7,458755.1,452519.6,437473.1
2025-01-14,460619.0,455627.3,474181.2,461380.8,471935.7,464071.7,452519.6,437851.2,423690.5,409665.7
2025-01-15,474181.2,467745.0,471935.7,458434.7,452519.6,439572.1,423690.5,413437.0,425620.3,403555.8
2025-01-16,471935.7,466573.5,452519.6,438329.4,423690.5,413229.3,425620.3,401161.0,476311.7,457511.0
2025-01-17,452519.6,440660.6,423690.5,414075.0,425620.3,416083.0,476311.7,452420.2,507456.8,498733.4
2025-01-18,423690.5,405897.3,425620.3,425492.9,476311.7,463090.6,507456.8,490086.1,512469.8,490300.8
2025-01-19,425620.3,418530.9,476311.7,466981.5,507456.8,495406.8,512469.8,487743.5,493684.2,484966.9
2025-01-20,476311.7,462384.7,507456.8,491415.8,512469.8,488356.8,493684.2,479675.4,479622.1,454864.5
2025-01-21,507456.8,497938.1,512469.8,488059.7,493684.2,477825.3,479622.1,456430.6,456690.9,429482.9
2025-01-22,512469.8,501656.3,493684.2,479232.4,479622.1,458053.9,456690.9,436867.4,433362.5,415634.9
2025-01-23,493684.2,492825.6,479622.1,463338.2,456690.9,442993.8,433362.5,424104.3,445831.6,443236.7
2025-01-24,479622.1,472400.1,456690.9,442813.3,433362.5,424192.7,445831.6,444617.6,446129.1,441092.1
2025-01-25,456690.9,447942.6,433362.5,420192.2,445831.6,442910.8,446129.1,445009.4,444440.4,453836.2
2025-01-26,433362.5,421732.8,445831.6,438454.9,446129.1,447823.6,444440.4,453685.8,456748.3,463534.7
2025-01-27,445831.6,438947.6,446129.1,447462.0,444440.4,445140.4,456748.3,458601.9,444810.1,442862.1
2025-01-28,446129.1,454372.8,444440.4,441440.0,456748.3,447636.7,444810.1,444204.4,427318.8,422531.1
2025-01-29,444440.4,446437.9,456748.3,444575.1,444810.1,437408.9,427318.8,402036.8,458770.0,426888.7
2025-01-30,456748.3,449327.9,444810.1,437508.9,427318.8,410164.7,458770.0,421641.9,443794.6,431608.8
2025-01-31,444810.1,431330.6,427318.8,413096.6,458770.0,430535.4,443794.6,427806.9,433661.6,427019.4
2025-02-01,427318.8,420544.5,458770.0,430773.4,443794.6,428289.7,433661.6,425722.4,450687.3,441741.5
2025-02-02,458770.0,438179.6,443794.6,428687.5,433661.6,424718.9,450687.3,454556.5,466396.2,451428.9
2025-02-03,443794.6,430093.9,433661.6,427366.4,450687.3,452439.1,466396.2,459024.9,437922.2,432135.8
2025-02-04,433661.6,429959.2,450687.3,452478.6,466396.2,459374.3,437922.2,430992.6,435099.8,422531.2
2025-02-05,450687.3,452845.0,466396.2,457052.9,437922.2,429735.8,435099.8,419444.9,437322.8,412185.3
2025-02-06,466396.2,456009.6,437922.2,430398.8,435099.8,419861.5,437322.8,414757.0,450778.6,445842.2
2025-02-07,437922.2,437772.9,435099.8,425951.9,437322.8,413255.2,450778.6,449229.9,462138.9,454120.2
2025-02-08,435099.8,423399.3,437322.8,411939.8,450778.6,442340.8,462138.9,454798.2,461388.3,447733.4
2025-02-09,437322.8,417328.6,450778.6,442482.2,462138.9,452621.3,461388.3,454412.2,449774.3,462091.6
2025-02-10,450778.6,446535.7,462138.9,453715.4,461388.3,460462.1,449774.3,456649.5,442566.8,443972.8
2025-02-11,462138.9,444043.2,461388.3,449859.9,449774.3,449272.9,442566.8,435377.0,442916.2,420812.4
2025-02-12,461388.3,452328.7,449774.3,440101.6,442566.8,437864.6,442916.2,428066.2,428952.9,416942.2
2025-02-13,449774.3,437103.0,442566.8,437212.1,442916.2,430625.1,428952.9,414630.1,450724.0,442600.8
2025-02-14,442566.8,439932.5,442916.2,432090.0,428952.9,415326.6,450724.0,445113.0,476968.5,467959.9
2025-02-15,442916.2,424700.9,428952.9,415091.6,450724.0,444306.2,476968.5,464106.8,475123.8,467324.1
2025-02-16,428952.9,414091.5,450724.0,446862.0,476968.5,469614.2,475123.8,472044.6,475567.5,475047.6
2025-02-17,450724.0,459442.3,476968.5,474668.4,475123.8,474342.8,475567.5,470203.7,466907.3,456162.2
2025-02-18,476968.5,481701.2,475123.8,473917.2,475567.5,467097.2,466907.3,452014.1,424577.1,426161.4
2025-02-19,475123.8,479425.7,475567.5,472424.0,466907.3,453631.0,424577.1,421705.7,407668.8,402066.9
2025-02-20,475567.5,472903.8,466907.3,457867.8,424577.1,426126.0,407668.8,397922.8,414863.7,419548.8
2025-02-21,466907.3,466009.6,424577.1,427824.4,407668.8,401274.8,414863.7,416692.4,409251.8,406694.2
2025-02-22,424577.1,429662.3,407668.8,399707.9,414863.7,414000.8,409251.8,404657.3,390557.3,394945.3
2025-02-23,407668.8,400382.1,414863.7,410135.8,409251.8,406215.0,390557.3,392438.4,413497.3,408861.8
2025-02-24,414863.7,405080.3,409251.8,409854.4,390557.3,392892.6,413497.3,403677.9,395166.2,412571.7
2025-02-25,409251.8,401574.7,390557.3,392001.7,413497.3,409746.9,395166.2,399408.4,391121.8,411262.5
2025-02-26,390557.3,392880.9,413497.3,406986.1,395166.2,396657.2,391121.8,385197.6,417601.8,409167.4
2025-02-27,413497.3,398205.8,395166.2,391203.0,391121.8,374285.0,417601.8,404430.7,430753.0,427627.8
2025-02-28,395166.2,396323.7,391121.8,378238.0,417601.8,401265.0,430753.0,427121.8,420282.6,424331.9
2025-03-01,391121.8,382183.0,417601.8,406078.6,430753.0,420832.3,420282.6,403164.4,407344.7,401689.9
2025-03-02,417601.8,419096.1,430753.0,424585.2,420282.6,408612.6,407344.7,400765.2,403468.9,390937.8
2025-03-03,430753.0,440547.2,420282.6,408957.6,407344.7,407335.6,403468.9,391973.6,406047.1,397632.9
2025-03-04,420282.6,410257.1,407344.7,403430.6,403468.9,392256.5,406047.1,394851.2,379946.8,369225.3
2025-03-05,407344.7,393779.1,403468.9,391178.6,406047.1,394227.5,379946.8,372628.0,376776.8,377474.8
2025-03-06,403468.9,396459.0,406047.1,393217.4,379946.8,371824.2,376776.8,371904.9,368190.1,396319.1
2025-03-07,406047.1,406143.9,379946.8,374249.9,376776.8,374457.1,368190.1,384510.6,360679.2,372539.4
2025-03-08,379946.8,386703.0,376776.8,370307.0,368190.1,381543.7,360679.2,364656.0,380779.0,375560.6
2025-03-09,376776.8,387157.3,368190.1,375497.3,360679.2,364286.6,380779.0,379426.5,374231.5,386093.1
2025-03-10,368766.4,372803.1,360836.5,364409.4,380038.9,384545.8,374368.0,390454.6,362794.6,372030.0
2025-03-11,360836.5,361806.8,380038.9,377980.7,374368.0,390782.9,362794.6,370359.2,353508.8,355090.8
2025-03-12,380038.9,373981.8,374368.0,393982.1,362794.6,366532.5,353508.8,352932.6,350586.6,348143.4
2025-03-13,374368.0,378458.3,362794.6,360396.8,353508.8,349240.5,350586.6,348513.1,383315.5,362498.2
2025-03-14,362794.6,363757.7,353508.8,339841.5,350586.6,342271.1,383315.5,358963.9,367109.9,357872.5
2025-03-15,353508.8,348142.4,350586.6,343215.2,383315.5,372182.4,367109.9,351740.7,354326.2,349268.6
2025-03-16,350586.6,343082.2,383315.5,380743.2,367109.9,359337.8,354326.2,367249.9,365905.1,368340.0
2025-03-17,383315.5,384246.8,367109.9,358871.1,354326.2,354959.1,365905.1,362530.4,360103.4,376246.1
2025-03-18,367109.9,365132.3,354326.2,353933.3,365905.1,372114.4,360103.4,384734.3,354940.9,354004.8
2025-03-19,354326.2,357133.9,365905.1,372841.2,360103.4,385824.2,354940.9,361358.1,351610.3,349882.7
2025-03-20,365905.1,375286.0,360103.4,363494.1,354940.9,359140.8,351610.3,352515.1,398826.8,399234.6
2025-03-21,360103.4,362225.3,354940.9,354696.2,351610.3,349534.1,398826.8,384328.6,378672.1,378548.6
2025-03-22,354940.9,353665.7,351610.3,348123.4,398826.8,384403.8,378672.1,374346.7,383130.1,378255.1
2025-03-23,351610.3,349647.3,398826.8,391413.7,378672.1,371515.2,383130.1,378278.1,371566.5,373733.8
2025-03-24,398826.8,394252.7,378672.1,372184.1,383130.1,378339.0,371566.5,373463.8,373813.4,364240.2
2025-03-25,378672.1,383478.8,383130.1,375925.4,371566.5,372013.1,373813.4,378469.1,356583.9,367304.8
2025-03-26,383130.1,382171.0,371566.5,368838.0,373813.4,364067.7,356583.9,359221.4,360253.4,365158.0
2025-03-27,371566.5,370504.1,373813.4,366936.7,356583.9,351472.0,360253.4,365439.4,370437.1,382494.5
2025-03-28,373813.4,372582.4,356583.9,340100.9,360253.4,353880.8,370437.1,378903.4,358784.0,373803.6
2025-03-29,356583.9,352358.0,360253.4,343384.1,370437.1,375383.3,358784.0,362922.2,387525.2,369515.8
2025-03-30,360253.4,356640.9,370437.1,370872.5,358784.0,358255.0,387525.2,375909.4,377519.7,371669.2
2025-03-31,370437.1,374636.4,358784.0,358473.3,387525.2,379415.8,377519.7,371680.8,346730.6,353772.9
2025-04-01,358784.0,366077.4,387525.2,377391.5,377519.7,374933.3,346730.6,348571.0,355164.4,351588.7
2025-04-02,387525.2,377276.6,377519.7,379681.5,346730.6,352554.1,355164.4,347914.6,347574.7,347289.6
2025-04-03,377519.7,377395.2,346730.6,354901.2,355164.4,350919.3,347574.7,345908.4,383203.9,366453.9
2025-04-04,346730.6,354435.8,355164.4,353708.6,347574.7,344008.7,383203.9,383056.9,390633.7,373127.9
2025-04-05,355164.4,348350.6,347574.7,343436.7,383203.9,385535.2,390633.7,383327.2,380058.2,366026.6
2025-04-06,347574.7,339962.3,383203.9,385236.6,390633.7,386820.4,380058.2,372863.2,391883.1,381125.1
2025-04-07,383203.9,388358.5,390633.7,386893.5,380058.2,380759.1,391883.1,383554.5,391914.2,374280.4
2025-04-08,390633.7,395540.1,380058.2,379190.8,391883.1,387285.3,391914.2,384511.9,381150.8,349216.4
2025-04-09,380058.2,385425.6,391883.1,381964.0,391914.2,381906.2,381150.8,359182.4,341598.7,344235.1
2025-04-10,391883.1,380057.3,391914.2,390400.1,381150.8,367603.4,341598.7,353070.6,353511.8,353002.7
2025-04-11,391914.2,377318.9,381150.8,375874.5,341598.7,348509.5,353511.8,360509.1,357518.5,360001.6
2025-04-12,381150.8,370017.3,341598.7,353109.1,353511.8,376853.2,357518.5,362203.9,382310.0,376161.1
2025-04-13,341598.7,352785.4,353511.8,361198.6,357518.5,364303.8,382310.0,373669.7,346879.2,367850.7
2025-04-14,353511.8,353346.8,357518.5,359461.4,382310.0,370787.2,346879.2,360663.2,344464.9,350329.8
2025-04-15,357518.5,362763.3,382310.0,369396.3,346879.2,352018.0,344464.9,349883.6,338964.6,336619.8
2025-04-16,382310.0,382244.8,346879.2,349453.2,344464.9,359424.7,338964.6,334009.6,310103.6,340175.5
2025-04-17,346879.2,353127.5,344464.9,357714.9,338964.6,339772.7,310103.6,323900.0,359351.4,375983.4
2025-04-18,344464.9,346229.3,338964.6,336798.7,310103.6,316824.8,359351.4,357751.9,349719.0,361004.6
2025-04-19,338964.6,335774.6,310103.6,310954.7,359351.4,351643.2,349719.0,353135.3,340229.8,347166.9
2025-04-20,310103.6,316312.4,359351.4,356892.9,349719.0,354279.4,340229.8,340412.6,347657.6,340005.0
2025-04-21,359351.4,351790.6,349719.0,352845.2,340229.8,342081.1,347657.6,338786.0,356953.9,342082.9
2025-04-22,349719.0,359594.1,340229.8,340785.1,347657.6,344976.2,356953.9,345877.5,350990.2,329447.9
2025-04-23,340229.8,340613.8,347657.6,342039.1,356953.9,342183.2,350990.2,333663.1,319755.8,300679.2
2025-04-24,347657.6,343548.9,356953.9,342264.6,350990.2,340527.4,319755.8,307879.8,338107.1,329359.6
2025-04-25,356953.9,349109.1,350990.2,337741.2,319755.8,323449.6,338107.1,333963.6,350035.2,353099.1
2025-04-26,350990.2,343371.2,319755.8,328897.5,338107.1,336882.8,350035.2,350390.8,345428.2,354684.4
2025-04-27,319755.8,321154.3,338107.1,339052.9,350035.2,352126.4,345428.2,349915.6,342642.1,364430.4
2025-04-28,338107.1,341850.2,350035.2,353300.9,345428.2,351786.1,342642.1,360598.1,364282.4,364653.6
2025-04-29,350035.2,352238.9,345428.2,348326.8,342642.1,357449.8,364282.4,365446.4,359165.9,344711.9
2025-04-30,345428.2,356425.9,342642.1,345078.7,364282.4,359867.2,359165.9,346520.3,351452.2,312573.8
2025-05-01,342642.1,346737.1,364282.4,360362.7,359165.9,348331.2,351452.2,327108.5,370613.5,352321.3
2025-05-02,364282.4,365644.4,359165.9,348358.1,351452.2,341869.6,370613.5,367015.2,365045.5,367956.0
2025-05-03,359165.9,356602.2,351452.2,344270.8,370613.5,369021.5,365045.5,363861.0,357164.2,359462.2
2025-05-04,351452.2,349230.0,370613.5,370850.6,365045.5,367853.4,357164.2,357237.8,368990.2,347626.8
2025-05-05,370613.5,370330.0,365045.5,369195.3,357164.2,360989.1,368990.2,360866.7,372257.4,365290.6
2025-05-06,365045.5,364985.6,357164.2,358638.8,368990.2,360486.9,372257.4,358232.6,319319.8,329002.1
2025-05-07,357164.2,359236.3,368990.2,366404.8,372257.4,364221.4,319319.8,326505.9,314283.8,313086.1
2025-05-08,368990.2,362325.8,372257.4,368538.2,319319.8,321108.2,314283.8,310947.2,350167.3,353460.0
2025-05-09,372257.4,364266.3,319319.8,324758.9,314283.8,310270.4,350167.3,347374.4,371528.5,366232.8
2025-05-10,319319.8,323509.9,314283.8,312887.7,350167.3,349077.4,371528.5,365856.9,374648.0,379090.1
2025-05-11,314283.8,311465.2,350167.3,349154.2,371528.5,372300.4,374648.0,372623.9,378694.1,380245.1
2025-05-12,350167.3,347381.7,371528.5,370359.1,374648.0,373746.0,378694.1,379915.2,381592.4,383452.7
2025-05-13,371528.5,374863.8,374648.0,371392.1,378694.1,375859.0,381592.4,388011.1,371040.7,357107.8
2025-05-14,374648.0,374585.6,378694.1,375974.6,381592.4,381010.9,371040.7,363374.0,352069.2,339333.7
2025-05-15,378694.1,379707.4,381592.4,385509.4,371040.7,367834.2,352069.2,341480.7,352986.9,349754.8
2025-05-16,381592.4,386474.1,371040.7,367775.1,352069.2,347395.9,352986.9,349670.3,345211.7,341421.7
2025-05-17,371040.7,360717.9,352069.2,343319.7,352986.9,346269.8,345211.7,343728.0,370020.4,371833.4
2025-05-18,352069.2,344932.0,352986.9,343277.5,345211.7,342833.9,370020.4,364783.4,374450.6,378373.2
2025-05-19,352986.9,354041.8,345211.7,347159.8,370020.4,376127.1,374450.6,382399.2,365158.0,366537.8
2025-05-20,345211.7,350995.3,370020.4,375170.1,374450.6,387045.1,365158.0,376196.0,330395.8,345034.3
2025-05-21,370020.4,367254.8,374450.6,384118.6,365158.0,376274.5,330395.8,347828.9,317847.2,323829.1
2025-05-22,374450.6,373534.6,365158.0,378132.1,330395.8,346752.8,317847.2,327908.3,315144.3,334630.3
2025-05-23,365158.0,369810.4,330395.8,347668.4,317847.2,328876.6,315144.3,333346.3,353250.3,352246.6
2025-05-24,330395.8,334412.4,317847.2,323619.9,315144.3,334268.2,353250.3,352318.2,359168.1,357302.2
2025-05-25,317847.2,326232.6,315144.3,332435.6,353250.3,349154.4,359168.1,355246.2,364023.2,363605.4
2025-05-26,315144.3,332125.5,353250.3,348677.8,359168.1,360831.3,364023.2,365874.4,364810.8,356419.5
2025-05-27,353250.3,348372.2,359168.1,357343.1,364023.2,362603.4,364810.8,365810.9,347442.7,328076.6
2025-05-28,359168.1,357115.7,364023.2,367148.1,364810.8,364681.3,347442.7,339858.2,321142.2,311993.8
2025-05-29,364023.2,369557.6,364810.8,366746.5,347442.7,341784.7,321142.2,324827.7,340154.6,348538.2
2025-05-30,364810.8,366535.1,347442.7,339069.7,321142.2,318140.1,340154.6,345180.4,361517.4,361809.9
2025-05-31,347442.7,341551.9,321142.2,320916.3,340154.6,343342.9,361517.4,368226.0,398246.7,427355.0
2025-06-01,321142.2,328682.0,340154.6,346042.8,361517.4,368443.9,398246.7,420750.0,450580.1,451546.8
2025-06-02,340154.6,343512.4,361517.4,364217.4,398246.7,404959.7,450580.1,447980.5,459311.2,455782.5
2025-06-03,361517.4,360549.6,398246.7,405020.4,450580.1,450541.2,459311.2,446647.2,407747.0,393106.8
2025-06-04,398246.7,401958.1,450580.1,445304.5,459311.2,428636.5,407747.0,385748.0,372608.9,367252.1
2025-06-05,450580.1,458639.3,459311.2,436195.1,407747.0,374014.0,372608.9,356465.9,393740.1,397370.4
2025-06-06,459311.2,466190.3,407747.0,387111.5,372608.9,350542.4,393740.1,396706.8,391677.2,400279.9
2025-06-07,407747.0,404874.8,372608.9,373955.4,393740.1,392189.8,391677.2,402272.5,408880.0,402449.2
2025-06-08,372608.9,379278.0,393740.1,403258.1,391677.2,394346.5,408880.0,406253.0,442762.0,441191.3
2025-06-09,393740.1,391773.5,391677.2,401506.4,408880.0,408748.0,442762.0,445034.6,410318.1,434638.1
2025-06-10,391677.2,394795.8,408880.0,409683.1,442762.0,436243.6,410318.1,410166.2,360982.7,369739.0
2025-06-11,408880.0,411266.7,442762.0,449884.9,410318.1,409920.8,360982.7,374337.9,346073.8,358077.1
2025-06-12,442762.0,447436.2,410318.1,405800.7,360982.7,371009.9,346073.8,368781.3,385071.2,382924.3
2025-06-13,410318.1,414006.7,360982.7,360783.2,346073.8,349960.4,385071.2,397496.7,403092.2,422776.7
2025-06-14,360982.7,362286.9,346073.8,342909.2,385071.2,387677.6,403092.2,411438.7,442048.9,476649.9
2025-06-15,346073.8,351204.8,385071.2,387151.8,403092.2,405590.1,442048.9,453229.2,486067.8,502902.3
2025-06-16,385071.2,388628.0,403092.2,403329.9,442048.9,444334.0,486067.8,490178.1,445033.1,444915.9
2025-06-17,403092.2,408743.2,442048.9,444365.9,486067.8,484739.0,445033.1,453890.9,453898.7,414436.5
2025-06-18,442048.9,436496.4,486067.8,462248.0,445033.1,457158.4,453898.7,440240.5,499900.5,457467.6
2025-06-19,486067.8,475271.3,445033.1,446298.3,453898.7,455292.3,499900.5,468189.4,605719.5,518463.1
2025-06-20,445033.1,448390.3,453898.7,450279.7,499900.5,497020.3,605719.5,580401.6,634986.9,593692.9
2025-06-21,453898.7,454060.1,499900.5,518407.9,605719.5,616210.3,634986.9,616145.4,631327.8,538010.1
2025-06-22,499900.5,508166.4,605719.5,606735.2,634986.9,625433.2,631327.8,588859.1,504821.7,501590.8
2025-06-23,605719.5,604890.4,634986.9,606732.8,631327.8,593868.2,504821.7,517492.0,425393.6,466563.7
2025-06-24,634986.9,622320.1,631327.8,592555.9,504821.7,472625.7,425393.6,445870.4,436440.4,446798.5
2025-06-25,631327.8,622798.4,504821.7,504486.9,425393.6,428762.2,436440.4,437329.8,478642.1,442288.0
2025-06-26,504821.7,515007.6,425393.6,445511.8,436440.4,451046.1,478642.1,410403.2,532116.2,476672.8
2025-06-27,425393.6,438349.8,436440.4,461156.5,478642.1,461039.7,532116.2,498510.6,553432.8,518449.2
2025-06-28,436440.4,439800.3,478642.1,462526.8,532116.2,514144.2,553432.8,526470.9,510730.3,513144.5
2025-06-29,478642.1,492758.8,532116.2,518866.4,553432.8,533424.5,510730.3,516727.6,494340.5,508739.2
2025-06-30,532116.2,537243.2,553432.8,534327.9,510730.3,515553.8,494340.5,520777.2,412395.4,433355.0
2025-07-01,553432.8,557067.9,510730.3,501341.6,494340.5,511803.8,412395.4,470727.3,439855.6,463047.7
2025-07-02,510730.3,528539.9,494340.5,499413.8,412395.4,453710.7,439855.6,451697.1,500009.9,512366.6
2025-07-03,494340.5,522463.3,412395.4,447317.3,439855.6,435273.8,500009.9,492877.2,565878.8,557978.9
2025-07-04,412395.4,443182.6,439855.6,431270.5,500009.9,483907.6,565878.8,559112.2,574490.5,551907.6
2025-07-05,439855.6,444484.6,500009.9,489608.3,565878.8,552169.8,574490.5,531132.9,556723.7,544753.8
2025-07-06,500009.9,503992.3,565878.8,563034.1,574490.5,544690.9,556723.7,538335.6,530750.0,532246.6
2025-07-07,565878.8,568224.6,574490.5,557069.5,556723.7,523819.9,530750.0,505329.6,533380.4,492331.9
2025-07-08,574490.5,574434.4,556723.7,536786.2,530750.0,530268.6,533380.4,503966.9,514635.7,487097.8
2025-07-09,556723.7,568291.8,530750.0,526998.4,533380.4,528211.2,514635.7,508526.3,510364.9,515031.5
2025-07-10,530750.0,545954.6,533380.4,533293.8,514635.7,515326.2,510364.9,514599.8,554606.8,542862.8
2025-07-11,533380.4,538181.8,514635.7,523446.0,510364.9,511459.8,554606.8,534096.8,553252.4,553530.1
2025-07-12,514635.7,517259.3,510364.9,515185.8,554606.8,540746.4,553252.4,561364.5,587199.2,570126.8
2025-07-13,510364.9,500996.9,554606.8,541324.2,553252.4,544800.4,587199.2,593148.2,594727.5,589872.3
2025-07-14,554606.8,555035.4,553252.4,547366.8,587199.2,569613.5,594727.5,606108.2,492798.2,578524.4
2025-07-15,553252.4,569359.4,587199.2,574726.6,594727.5,592143.6,492798.2,554061.8,454396.2,485417.5
2025-07-16,587199.2,595101.5,594727.5,582750.7,492798.2,515765.4,454396.2,443476.7,507937.5,477317.2
2025-07-17,594727.5,605688.8,492798.2,504222.2,454396.2,449735.8,507937.5,471421.2,493895.3,491632.0
2025-07-18,492798.2,514688.4,454396.2,452370.1,507937.5,484119.5,493895.3,438185.8,443226.5,440027.4
2025-07-19,454396.2,456708.5,507937.5,503511.2,493895.3,465892.6,443226.5,418256.7,466855.6,460822.7
2025-07-20,507937.5,505378.5,493895.3,466928.8,443226.5,431894.7,466855.6,452700.0,524639.4,513974.7
2025-07-21,493895.3,488309.3,443226.5,434143.7,466855.6,470997.2,524639.4,532749.8,575641.2,594065.3
2025-07-22,443226.5,458543.5,466855.6,479929.4,524639.4,544117.4,575641.2,589525.7,501451.7,548143.1
2025-07-23,466855.6,476193.1,524639.4,536807.2,575641.2,566277.6,501451.7,531185.9,497733.7,496864.6
2025-07-24,524639.4,535460.1,575641.2,568644.2,501451.7,503293.6,497733.7,525019.6,578465.4,557340.8
2025-07-25,575641.2,580823.6,501451.7,510752.9,497733.7,490459.3,578465.4,574533.4,610519.8,608219.9
2025-07-26,501451.7,523994.5,497733.7,482518.4,578465.4,571981.4,610519.8,595949.6,603910.1,586402.9
2025-07-27,497733.7,509366.6,578465.4,578187.8,610519.8,603918.6,603910.1,605574.8,531764.5,505236.3
2025-07-28,578465.4,585163.4,610519.8,602057.3,603910.1,602118.4,531764.5,497341.7,416719.1,425906.8
2025-07-29,610519.8,606875.6,603910.1,588207.2,531764.5,504793.9,416719.1,419153.9,387890.1,392357.8
2025-07-30,603910.1,605885.1,531764.5,508279.6,416719.1,410801.6,387890.1,386337.5,403536.2,414363.4
2025-07-31,531764.5,537685.9,416719.1,421237.6,387890.1,385982.6,403536.2,420407.9,470645.6,490952.5
2025-08-01,416719.1,427886.5,387890.1,397402.6,403536.2,420719.2,470645.6,498066.2,487114.7,514616.6
2025-08-02,387890.1,389426.8,403536.2,416325.9,470645.6,480398.8,487114.7,502044.0,474831.6,502025.5
2025-08-03,403536.2,406914.3,470645.6,480817.8,487114.7,493869.1,474831.6,497859.4,461536.8,494965.3
2025-08-04,470645.6,478134.0,487114.7,500680.3,474831.6,483635.2,461536.8,489028.0,450262.6,479847.3
2025-08-05,487114.7,498774.6,474831.6,482171.1,461536.8,478952.0,450262.6,476988.7,434992.9,472440.4
2025-08-06,474831.6,491187.1,461536.8,465547.3,450262.6,465679.0,434992.9,449932.8,459226.9,478118.2
2025-08-07,461536.8,479594.2,450262.6,464008.0,434992.9,440519.6,459226.9,473886.8,515450.8,560612.4
2025-08-08,450262.6,466672.5,434992.9,437545.7,459226.9,457326.5,515450.8,538838.0,541109.4,564479.5
2025-08-09,434992.9,439562.3,459226.9,455534.8,515450.8,524427.6,541109.4,547901.2,557729.6,557183.4
2025-08-10,459226.9,458708.5,515450.8,512832.4,541109.4,535538.7,557729.6,556754.8,539829.2,517726.9
2025-08-11,515450.8,519517.9,541109.4,533601.1,557729.6,547028.0,539829.2,529504.4,517724.7,480982.2
2025-08-12,541109.4,542903.4,557729.6,547479.8,539829.2,538007.1,517724.7,516515.6,492828.1,486880.4
2025-08-13,557729.6,568931.2,539829.2,524200.4,517724.7,521166.8,492828.1,480843.8,498703.6,505137.1
2025-08-14,539829.2,548924.2,517724.7,519398.6,492828.1,489075.3,498703.6,490487.8,430270.2,510891.0
2025-08-15,517724.7,527762.7,492828.1,497934.6,498703.6,494164.8,430270.2,458081.6,413863.8,437028.7
2025-08-16,492828.1,490691.7,498703.6,496994.9,430270.2,456626.7,413863.8,432295.2,413023.2,436669.2
2025-08-17,498703.6,504548.0,430270.2,450302.1,413863.8,440696.8,413023.2,439450.2,385530.2,450197.4
2025-08-18,430270.2,450286.5,413863.8,422046.0,413023.2,442272.3,385530.2,439175.0,398717.1,453787.1
2025-08-19,413863.8,425966.1,413023.2,424916.8,385530.2,424654.1,398717.1,436530.3,400488.9,434628.9
2025-08-20,413023.2,423598.3,385530.2,404806.8,398717.1,409146.3,400488.9,420879.3,414498.6,431245.2
2025-08-21,385530.2,395736.5,398717.1,404844.9,400488.9,426257.0,414498.6,427524.2,447863.2,463315.8
2025-08-22,398717.1,391835.4,400488.9,412672.1,414498.6,425561.1,447863.2,453877.8,410750.3,410068.1
2025-08-23,400488.9,410247.3,414498.6,422504.9,447863.2,449021.2,410750.3,405868.8,389621.4,381972.9
2025-08-24,414498.6,431578.5,447863.2,447152.3,410750.3,409046.7,389621.4,392634.0,387000.7,389045.5
2025-08-25,447863.2,455960.3,410750.3,413950.1,389621.4,388794.9,387000.7,395157.8,392701.6,388280.8
2025-08-26,410750.3,412450.5,389621.4,399660.6,387000.7,394820.0,392701.6,390931.9,344511.0,339721.5
2025-08-27,389621.4,395025.8,387000.7,399102.1,392701.6,394315.3,344511.0,345079.2,342831.4,351067.8
2025-08-28,387000.7,393942.9,392701.6,398225.8,344511.0,344362.5,342831.4,350050.7,363317.3,380180.7
2025-08-29,392701.6,404273.5,344511.0,347844.2,342831.4,351730.8,363317.3,379432.0,395953.9,403352.2
2025-08-30,344511.0,345753.9,342831.4,350382.2,363317.3,383013.9,395953.9,401031.3,400221.1,405163.5
2025-08-31,342831.4,348875.6,363317.3,382947.2,395953.9,406618.1,400221.1,412136.4,414684.9,418020.2
2025-09-01,363317.3,376743.4,395953.9,399569.6,400221.1,408412.2,414684.9,419412.7,431028.8,417075.7
2025-09-02,395953.9,389942.4,400221.1,400882.0,414684.9,414783.2,431028.8,418988.4,424129.1,380096.8
2025-09-03,400221.1,397282.2,414684.9,410261.4,431028.8,424669.1,424129.1,413596.4,359810.4,357237.2
2025-09-04,414684.9,413882.8,431028.8,424203.6,424129.1,417879.0,359810.4,355293.4,363746.7,375364.8
2025-09-05,431028.8,433496.7,424129.1,416943.4,359810.4,357030.2,363746.7,372329.1,365706.4,369410.8
2025-09-06,424129.1,425296.4,359810.4,351314.2,363746.7,375175.6,365706.4,376243.9,373083.6,381320.1
2025-09-07,359810.4,368438.6,363746.7,372066.9,365706.4,379719.8,373083.6,380323.9,383587.7,396245.7
2025-09-08,363746.7,367021.9,365706.4,376298.6,373083.6,375426.2,383587.7,393304.5,386141.1,384663.2
2025-09-09,365706.4,366078.1,373083.6,375727.9,383587.7,387354.8,386141.1,386146.5,375300.5,355336.8
2025-09-10,373083.6,371773.4,383587.7,382411.2,386141.1,389056.0,375300.5,371233.2,382051.6,374528.4
2025-09-11,383587.7,378394.9,386141.1,387604.5,375300.5,373291.6,382051.6,376525.1,408169.5,411818.6
2025-09-12,386141.1,385027.3,375300.5,374060.8,382051.6,373724.3,408169.5,421681.2,392437.7,416660.4
2025-09-13,375300.5,369539.9,382051.6,378750.7,408169.5,414119.7,392437.7,417456.2,386088.1,412206.5
2025-09-14,382051.6,386170.1,408169.5,415639.2,392437.7,413838.5,386088.1,412040.8,406058.4,417615.6
2025-09-15,408169.5,415892.0,392437.7,410482.1,386088.1,407892.2,406058.4,419533.1,410316.4,433483.1
2025-09-16,392437.7,402354.4,386088.1,403280.9,406058.4,417707.8,410316.4,406708.4,344147.5,347047.0
2025-09-17,386088.1,392013.6,406058.4,411857.5,410316.4,410654.2,344147.5,337791.3,337371.2,337397.7
2025-09-18,406058.4,407529.0,410316.4,414236.1,344147.5,346695.1,337371.2,334986.6,379324.8,382752.8
2025-09-19,410316.4,408717.4,344147.5,350757.0,337371.2,340274.8,379324.8,372092.9,416524.1,405595.2
2025-09-20,344147.5,347986.2,337371.2,340977.7,379324.8,383952.4,416524.1,412963.0,432178.8,418600.1
2025-09-21,337371.2,340496.3,379324.8,383402.2,416524.1,417466.0,432178.8,415361.4,443924.4,395112.7
2025-09-22,379324.8,384589.2,416524.1,408600.2,432178.8,418892.6,443924.4,415552.1,423654.3,416615.2
2025-09-23,416524.1,410759.7,432178.8,421596.1,443924.4,425672.9,423654.3,421087.9,384043.0,379214.3
2025-09-24,432178.8,432566.1,443924.4,427707.7,423654.3,422725.2,384043.0,380317.9,389719.1,384368.4
2025-09-25,443924.4,436926.9,423654.3,423520.9,384043.0,388790.5,389719.1,383138.9,400388.2,422520.2
2025-09-26,423654.3,426075.7,384043.0,390392.1,389719.1,377731.6,400388.2,413729.6,388508.0,420433.9
2025-09-27,384043.0,380078.6,389719.1,380379.8,400388.2,414396.0,388508.0,419443.2,353297.4,378425.0
2025-09-28,389719.1,387056.1,400388.2,410070.7,388508.0,407849.6,353297.4,369014.2,345547.9,350681.4
2025-09-29,400388.2,409461.0,388508.0,398209.1,353297.4,363552.0,345547.9,351446.1,349376.0,352450.2
2025-09-30,388508.0,397489.8,353297.4,360702.8,345547.9,353174.3,349376.0,352901.2,345358.0,345073.8
2025-10-01,353297.4,359213.3,345547.9,353577.1,349376.0,353537.9,345358.0,345471.8,365686.7,363925.4
2025-10-02,345547.9,352886.6,349376.0,355116.2,345358.0,345219.1,365686.7,355821.8,398926.8,401523.5
2025-10-03,349376.0,352233.5,345358.0,348365.2,365686.7,363345.9,398926.8,393465.0,412827.9,409687.2
2025-10-04,345358.0,343632.3,365686.7,367117.2,398926.8,397312.7,412827.9,401265.6,379893.6,388519.7
2025-10-05,365686.7,360100.7,398926.8,398695.6,412827.9,406167.7,379893.6,387316.8,340193.5,346510.3
2025-10-06,398926.8,401591.5,412827.9,406178.3,379893.6,381123.0,340193.5,346984.1,343863.6,344486.8
2025-10-07,412827.9,410870.7,379893.6,380986.4,340193.5,349137.1,343863.6,346354.9,335619.9,329567.7
2025-10-08,379893.6,390409.6,340193.5,349060.7,343863.6,347985.6,335619.9,331712.3,331634.7,333286.0
2025-10-09,340193.5,351170.3,343863.6,347869.3,335619.9,330586.1,331634.7,337732.2,367765.0,364585.8
2025-10-10,343863.6,350974.4,335619.9,334417.6,331634.7,339386.1,367765.0,367388.7,365211.1,363928.3
2025-10-11,335619.9,339991.8,331634.7,336095.2,367765.0,367555.9,365211.1,365425.2,355822.1,353352.7
2025-10-12,331634.7,331774.1,367765.0,365467.2,365211.1,365875.8,355822.1,354257.6,348707.2,356111.4
2025-10-13,367765.0,360922.5,365211.1,365534.8,355822.1,355078.7,348707.2,353748.4,355080.4,350640.1
2025-10-14,365211.1,365563.9,355822.1,356642.7,348707.2,352748.2,355080.4,352098.6,333437.4,332913.3
2025-10-15,355822.1,356377.7,348707.2,353838.8,355080.4,350969.6,333437.4,332351.8,334015.7,333190.6
2025-10-16,348707.2,356345.0,355080.4,352845.5,333437.4,331879.3,334015.7,330829.8,367677.1,365260.8
2025-10-17,355080.4,353067.0,333437.4,329857.9,334015.7,328380.2,367677.1,363934.7,355612.4,358677.6
2025-10-18,333437.4,334156.4,334015.7,330007.8,367677.1,370705.1,355612.4,355003.0,362554.7,360358.8
2025-10-19,334015.7,332066.7,367677.1,369974.2,355612.4,352823.3,362554.7,361900.1,366156.2,364004.4
2025-10-20,367677.1,368364.3,355612.4,355719.4,362554.7,359810.4,366156.2,363803.8,362965.3,362908.9
2025-10-21,355612.4,353634.9,362554.7,361217.7,366156.2,361911.0,362965.3,360884.6,341946.9,338205.6
2025-10-22,362554.7,361330.1,366156.2,368881.1,362965.3,360855.3,341946.9,341130.2,335098.6,330151.2
2025-10-23,366156.2,361194.4,362965.3,361959.5,341946.9,339040.5,335098.6,331784.0,367740.2,366195.2
2025-10-24,362965.3,362420.8,341946.9,339281.2,335098.6,336980.3,367740.2,370104.0,372624.4,377332.9
2025-10-25,341946.9,340886.5,335098.6,334848.6,367740.2,367874.8,372624.4,369451.4,373252.8,370672.4
2025-10-26,335098.6,340635.6,367740.2,366974.7,372624.4,378460.1,373252.8,375226.5,390814.8,383159.8
2025-10-27,367740.2,374565.1,372624.4,368579.7,373252.8,377041.6,390814.8,391347.2,376839.4,386180.0
2025-10-28,372624.4,368347.6,373252.8,375903.4,390814.8,392061.2,376839.4,382923.8,351857.6,351910.6
2025-10-29,373252.8,377470.4,390814.8,389765.1,376839.4,384413.4,351857.6,349926.7,341814.9,340903.5
2025-10-30,390814.8,386268.2,376839.4,384664.8,351857.6,352436.9,341814.9,337229.6,380959.1,363367.8
2025-10-31,376839.4,375575.6,351857.6,351092.2,341814.9,335908.3,380959.1,365075.7,366605.5,368009.6
2025-11-01,351857.6,353188.0,341814.9,333605.6,380959.1,368913.4,366605.5,359455.1,382398.0,377001.1
2025-11-02,341814.9,345821.6,380959.1,370477.2,366605.5,360737.3,382398.0,380873.8,378556.2,369805.1
2025-11-03,381478.4,381200.2,366602.9,365783.7,382184.7,375067.2,379278.7,370002.7,383077.6,375812.8
2025-11-04,366602.9,371494.2,382184.7,377580.3,379278.7,374565.5,383077.6,381956.1,343505.9,357706.0
2025-11-05,382184.7,375861.0,379278.7,377773.7,383077.6,382867.0,343505.9,352096.7,361975.6,353747.9
2025-11-06,379278.7,382061.3,383077.6,384538.4,343505.9,353429.4,361975.6,350480.5,400680.3,389699.4
2025-11-07,383077.6,380845.7,343505.9,350611.5,361975.6,357626.2,400680.3,393934.1,420212.1,377755.8
2025-11-08,343505.9,354302.2,361975.6,360112.3,400680.3,395403.2,420212.1,386892.5,415637.7,394119.8
2025-11-09,361975.6,361080.8,400680.3,398162.7,420212.1,387921.8,415637.7,400328.5,400482.8,395080.5
2025-11-10,400680.3,397747.2,420212.1,391182.6,415637.7,402907.4,400482.8,399720.5,394454.1,386950.2
2025-11-11,420212.1,387587.8,415637.7,398864.8,400482.8,397750.5,394454.1,393692.7,374767.3,370797.7
2025-11-12,415637.7,410443.1,400482.8,402073.3,394454.1,395254.1,374767.3,372506.5,369639.1,365376.0
2025-11-13,400482.8,399479.8,394454.1,392948.8,374767.3,374170.8,369639.1,360631.4,414825.8,403918.3
2025-11-14,394454.1,390469.6,374767.3,369174.9,369639.1,357687.4,414825.8,401164.0,406422.9,401522.2
2025-11-15,374767.3,367451.9,369639.1,361255.9,414825.8,404641.7,406422.9,401921.9,405921.9,397918.9
2025-11-16,369639.1,370827.3,414825.8,409011.6,406422.9,406730.4,405921.9,399025.2,403318.1,403333.3
2025-11-17,414825.8,419261.3,406422.9,406484.4,405921.9,402104.8,403318.1,400803.4,405771.3,400730.8
2025-11-18,406422.9,409987.2,405921.9,398790.1,403318.1,405049.4,405771.3,398613.6,373987.4,366535.8
2025-11-19,405921.9,410739.1,403318.1,399537.2,405771.3,389336.0,373987.4,368497.4,389480.2,363468.8
2025-11-20,403318.1,400768.4,405771.3,386932.9,373987.4,363065.7,389480.2,360873.8,392191.9,389876.4
2025-11-21,405771.3,400254.1,373987.4,367021.3,389480.2,367949.1,392191.9,387691.6,402321.1,401378.3
2025-11-22,373987.4,373142.7,389480.2,371227.8,392191.9,389619.2,402321.1,404485.8,387998.9,387924.4
2025-11-23,389480.2,376346.6,392191.9,392430.1,402321.1,405185.8,387998.9,390521.6,372576.2,373145.8
2025-11-24,392191.9,395632.4,402321.1,400337.5,387998.9,394083.2,372576.2,380834.5,399087.6,409056.7
2025-11-25,402321.1,397640.2,387998.9,392330.2,372576.2,379481.9,399087.6,408189.3,391095.5,393184.7
2025-11-26,387998.9,389738.4,372576.2,379499.4,399087.6,408430.4,391095.5,391089.2,402849.3,390876.0
2025-11-27,372576.2,375355.8,399087.6,404256.7,391095.5,388819.7,402849.3,393368.4,418942.7,419611.6
2025-11-28,399087.6,405218.9,391095.5,386435.6,402849.3,391657.2,418942.7,422450.5,446864.2,438679.0
2025-11-29,391095.5,387771.6,402849.3,391175.4,418942.7,420697.5,446864.2,435381.9,437082.4,430648.2
2025-11-30,402849.3,395155.9,418942.7,420167.4,446864.2,436203.3,437082.4,430641.0,450397.9,438054.1
2025-12-01,418942.7,425866.6,446864.2,441596.3,437082.4,434631.0,450397.9,443257.3,470136.4,461696.8
2025-12-02,446864.2,434379.3,437082.4,433054.4,450397.9,436858.5,470136.4,451743.0,427948.2,420093.2
2025-12-03,437082.4,427354.9,450397.9,440303.4,470136.4,454269.0,427948.2,415980.6,416263.7,409056.6
2025-12-04,450397.9,440383.3,470136.4,453242.8,427948.2,418096.5,416263.7,400943.6,465125.1,454877.1
2025-12-05,470136.4,455393.1,427948.2,419139.6,416263.7,404758.0,465125.1,444644.9,483641.5,463510.1
2025-12-06,427948.2,424055.8,416263.7,408306.4,465125.1,446366.2,483641.5,458793.1,458282.5,439584.6
2025-12-07,416263.7,406623.8,465125.1,453053.7,483641.5,459956.9,458282.5,438239.1,462690.1,420338.7
2025-12-08,465125.1,453616.8,483641.5,462536.4,458282.5,438942.0,462690.1,426302.8,467680.9,424078.4
2025-12-09,483641.5,471877.6,458282.5,442451.9,462690.1,434663.6,467680.9,435849.8,446785.4,407687.0
2025-12-10,458282.5,448977.9,462690.1,449022.8,467680.9,449071.2,446785.4,423724.2,458703.0,424977.1
2025-12-11,462690.1,454139.0,467680.9,456802.0,446785.4,428198.6,458703.0,434066.3,499896.9,464275.9
2025-12-12,467680.9,461268.2,446785.4,433827.8,458703.0,438534.0,499896.9,469557.2,480327.1,458583.8
2025-12-13,446785.4,439141.4,458703.0,437676.6,499896.9,472551.4,480327.1,455583.5,460888.0,443852.9
2025-12-14,458703.0,441908.5,499896.9,476151.8,480327.1,462015.8,460888.0,444417.3,429405.1,440789.1
2025-12-15,499896.9,484448.9,480327.1,459964.8,460888.0,442678.8,429405.1,430781.0,430532.2,425840.0
2025-12-16,480327.1,467924.0,460888.0,444046.1,429405.1,429953.8,430532.2,420718.5,426416.7,428691.9
2025-12-17,460888.0,444940.9,429405.1,424523.2,430532.2,417549.5,426416.7,417885.1,421839.4,399281.2
2025-12-18,429405.1,419428.7,430532.2,419985.7,426416.7,412560.8,421839.4,401438.4,448520.7,444548.9
2025-12-19,430532.2,417908.0,426416.7,409734.8,421839.4,400472.1,448520.7,443917.8,450203.5,447525.4
2025-12-20,426416.7,414781.1,421839.4,403670.0,448520.7,440840.2,450203.5,448045.4,416665.8,419295.9
2025-12-21,421839.4,413323.7,448520.7,442108.1,450203.5,443170.8,416665.8,430107.6,405001.0,385904.4
2025-12-22,448520.7,451101.6,450203.5,444553.9,416665.8,428593.0,405001.0,392862.4,467084.8,405189.0
2025-12-23,450203.5,445196.4,416665.8,427876.5,405001.0,402088.9,467084.8,438837.1,455494.3,424047.0
2025-12-24,416665.8,430714.1,405001.0,401846.2,467084.8,449481.7,455494.3,425156.6,447180.5,414471.6
2025-12-25,405001.0,392826.7,467084.8,445577.5,455494.3,431396.4,447180.5,420435.0,442397.9,432362.4
2025-12-26,467084.8,459390.3,455494.3,430188.4,447180.5,424107.1,442397.9,431703.7,470815.0,452766.6
2025-12-27,455494.3,445569.1,447180.5,429026.9,442397.9,435930.7,470815.0,454078.4,462691.0,455920.3
2025-12-28,447180.5,436079.9,442397.9,439284.1,470815.0,459707.2,462691.0,457557.6,448331.8,429520.9
2025-12-29,442397.9,442174.6,470815.0,463902.8,462691.0,457824.7,448331.8,445295.1,478536.8,461393.1
2025-12-30,470815.0,470029.2,462691.0,461697.2,448331.8,440704.0,478536.8,463541.7,459358.6,440751.7
2025-12-31,462691.0,468582.9,448331.8,439705.9,478536.8,461831.2,459358.6,439875.8,449679.1,430508.0
2026-01-01,448331.8,447915.6,478536.8,460309.2,459358.6,437748.2,449679.1,423791.9,472941.4,466264.1
2026-01-02,478536.8,478153.8,459358.6,445136.3,449679.1,431339.6,472941.4,462653.6,448765.3,447141.1
2026-01-03,459358.6,447459.8,449679.1,429005.6,472941.4,466865.2,448765.3,438078.5,433789.8,427051.2
2026-01-04,449679.1,434718.7,472941.4,463705.4,448765.3,444532.1,433789.8,428442.2,415745.1,409779.3
2026-01-05,472941.4,461683.1,448765.3,442491.0,433789.8,426365.5,415745.1,411470.8,420553.9,410848.8
2026-01-06,448765.3,435483.6,433789.8,428148.2,415745.1,412138.9,420553.9,409558.5,401762.4,386221.8
2026-01-07,433789.8,425167.8,415745.1,412515.5,420553.9,407598.4,401762.4,386687.2,403026.3,379570.4
2026-01-08,415745.1,411257.1,420553.9,406107.2,401762.4,392637.7,403026.3,379787.8,442784.3,423413.2
2026-01-09,420553.9,404956.4,401762.4,389611.8,403026.3,387311.3,442784.3,427520.2,427538.4,416477.9
2026-01-10,401762.4,386879.9,403026.3,385388.6,442784.3,425021.8,427538.4,420053.1,420427.8,417430.1
2026-01-11,403026.3,391118.2,442784.3,426267.2,427538.4,415614.0,420427.8,420470.7,440040.6,444761.8
2026-01-12,442784.3,440228.1,427538.4,420976.1,420427.8,418262.1,440040.6,432980.6,466361.3,456258.9
2026-01-13,427538.4,419737.6,420427.8,422540.0,440040.6,442441.8,466361.3,455862.9,435412.8,415509.6
2026-01-14,420427.8,417346.1,440040.6,440765.0,466361.3,460969.5,435412.8,411783.5,435110.7,419212.4
2026-01-15,440040.6,432867.8,466361.3,455890.0,435412.8,415405.8,435110.7,421966.8,464294.5,453621.1
2026-01-16,466361.3,461583.9,435412.8,418569.1,435110.7,413463.6,464294.5,442166.4,498298.1,480690.0
2026-01-17,435412.8,423801.5,435110.7,413208.7,464294.5,440381.3,498298.1,469420.6,497751.5,470676.4
2026-01-18,435110.7,418006.4,464294.5,442966.3,498298.1,474714.6,497751.5,470436.1,449357.6,454357.0
2026-01-19,464294.5,447015.8,498298.1,475800.5,497751.5,473737.2,449357.6,442153.4,471378.6,470041.4
2026-01-20,498298.1,486142.9,497751.5,471347.5,449357.6,437798.3,471378.6,460613.8,497875.8,474262.7
2026-01-21,497751.5,484651.4,449357.6,442381.8,471378.6,460678.8,497875.8,484964.2,511958.8,469294.6
2026-01-22,449357.6,451381.8,471378.6,469793.1,497875.8,488595.0,511958.8,487106.7,502320.7,495701.8
2026-01-23,471378.6,467392.4,497875.8,483434.8,511958.8,480041.3,502320.7,491255.7,519720.7,488827.2
2026-01-24,497875.8,490520.6,511958.8,477339.5,502320.7,486986.6,519720.7,492114.5,516929.0,485553.1
2026-01-25,511958.8,481771.5,502320.7,484836.5,519720.7,499812.6,516929.0,491429.2,521698.9,490915.0
2026-01-26,502320.7,493763.0,519720.7,501927.6,516929.0,499606.8,521698.9,499004.1,530780.7,514142.0
2026-01-27,519720.7,510227.1,516929.0,497195.4,521698.9,498028.2,530780.7,507256.0,502983.5,484556.7
2026-01-28,516929.0,507438.0,521698.9,502338.3,530780.7,508022.1,502983.5,497342.9,503273.3,478446.2
2026-01-29,521698.9,511857.8,530780.7,516429.2,502983.5,498766.1,503273.3,483768.1,504371.1,481697.9
2026-01-30,530780.7,530676.9,502983.5,499498.0,503273.3,483250.8,504371.1,489886.4,493290.0,470255.4
2026-01-31,502983.5,504887.0,503273.3,484788.9,504371.1,492240.0,493290.0,476649.2,473389.2,471641.6
2026-02-01,503273.3,487153.8,504371.1,493528.2,493290.0,476197.8,473389.2,473911.2,478975.5,477976.4
2026-02-02,504371.1,506597.8,493290.0,481946.0,473389.2,472148.5,478975.5,484021.3,478617.0,482844.1
2026-02-03,493290.0,493350.3,473389.2,474104.2,478975.5,484146.3,478617.0,489401.3,503843.6,489498.8
2026-02-04,473389.2,477007.3,478975.5,481936.8,478617.0,481531.8,503843.6,484595.8,522573.2,487705.8
2026-02-05,478975.5,484516.4,478617.0,475285.0,503843.6,477526.5,522573.2,488062.6,517562.4,487234.1
2026-02-06,478617.0,475311.6,503843.6,475075.4,522573.2,488676.1,517562.4,485076.2,487923.9,483197.2
2026-02-07,503843.6,485341.7,522573.2,487376.3,517562.4,495118.0,487923.9,464237.2,466331.9,458246.2
2026-02-08,522573.2,506878.3,517562.4,495156.4,487923.9,472213.2,466331.9,440724.8,462238.3,457223.2
2026-02-09,517562.4,509275.7,487923.9,477816.1,466331.9,446781.9,462238.3,453446.7,455127.2,458091.2
2026-02-10,487923.9,481879.9,466331.9,445128.7,462238.3,448599.6,455127.2,453827.6,427075.6,427932.8
2026-02-11,466331.9,450625.8,462238.3,448023.2,455127.2,449744.5,427075.6,418833.5,408029.6,405589.8
2026-02-12,462238.3,459494.7,455127.2,452135.2,427075.6,417202.2,408029.6,408415.6,431440.5,421844.9
2026-02-13,455127.2,454361.8,427075.6,418157.3,408029.6,409762.1,431440.5,413377.2,433071.6,411212.2
2026-02-14,427075.6,417044.8,408029.6,408875.5,431440.5,415188.2,433071.6,416675.3,439070.5,427661.6
2026-02-15,408029.6,399839.7,431440.5,423609.8,433071.6,420282.6,439070.5,426854.8,426806.2,427091.0
2026-02-16,431440.5,421368.9,433071.6,419857.2,439070.5,428503.1,426806.2,430162.0,441237.4,418219.2
2026-02-17,433071.6,421064.7,439070.5,426943.9,426806.2,421186.2,441237.4,431778.0,409203.5,395007.2
2026-02-18,439070.5,424863.8,426806.2,419896.1,441237.4,425906.2,409203.5,391532.0,424740.8,405298.2
2026-02-19,426806.2,421552.0,441237.4,426842.7,409203.5,395138.5,424740.8,396083.5,449521.6,438538.4
2026-02-20,441237.4,423866.9,409203.5,391701.8,424740.8,408354.8,449521.6,435575.6,462317.6,438017.1
2026-02-21,409203.5,398698.8,424740.8,406236.2,449521.6,443338.5,462317.6,446084.4,456740.6,439357.7
2026-02-22,424740.8,405843.0,449521.6,444861.4,462317.6,449661.6,456740.6,446480.6,428419.3,431499.7
2026-02-23,449521.6,451516.7,462317.6,454149.2,456740.6,446972.2,428419.3,436625.9,418643.3,415489.1
2026-02-24,462317.6,467551.6,456740.6,445795.8,428419.3,432205.8,418643.3,422446.7,382600.3,397519.5
2026-02-25,456740.6,455167.9,428419.3,432302.9,418643.3,418612.0,382600.3,391983.7,398860.6,391842.0
2026-02-26,428419.3,433441.7,418643.3,418074.3,382600.3,386614.2,398860.6,394511.4,438420.3,454026.9
2026-02-27,418643.3,413649.1,382600.3,381802.2,398860.6,395072.3,438420.3,437283.4,458962.8,425743.0
2026-02-28,382600.3,385977.0,398860.6,396785.5,438420.3,431391.5,458962.8,433205.6,406189.6,412002.1
2026-03-01,398860.6,404422.8,438420.3,429495.3,458962.8,424039.8,406189.6,414373.5,426249.7,397294.9
2026-03-02,438420.3,429744.2,458962.8,431591.8,406189.6,402575.3,426249.7,406715.2,420564.2,403116.9
2026-03-03,458962.8,441690.3,406189.6,397605.7,426249.7,409528.8,420564.2,403490.1,383178.3,374690.8
2026-03-04,406189.6,394211.7,426249.7,416744.4,420564.2,408092.4,383178.3,376910.8,356095.2,342929.6
2026-03-05,426249.7,411325.6,420564.2,410132.2,383178.3,376526.4,356095.2,344627.9,355471.2,376803.4
2026-03-06,420564.2,404972.7,383178.3,377243.7,356095.2,356881.5,355471.2,365211.7,357735.6,361681.2
2026-03-07,383178.3,373557.4,356095.2,353958.3,355471.2,360687.9,357735.6,359863.2,367761.8,389742.6
2026-03-08,356095.2,353046.5,355471.2,359526.4,357735.6,361269.8,367761.8,380570.2,400053.5,401120.8
2026-03-09,355873.4,367752.6,357913.2,364835.9,367659.6,378013.2,398287.4,388667.4,412985.7,402033.8
2026-03-10,357913.2,374741.0,367659.6,373939.3,398287.4,386182.4,412985.7,398683.2,378728.4,367017.6
2026-03-11,367659.6,372955.2,398287.4,390891.2,412985.7,399793.0,378728.4,369676.2,380016.6,377044.8
2026-03-12,398287.4,395148.0,412985.7,399543.8,378728.4,367505.9,380016.6,375940.8,393079.8,389021.9
2026-03-13,412985.7,399542.6,378728.4,371304.6,380016.6,378161.8,393079.8,388547.1,401401.6,397389.8
2026-03-14,378728.4,380780.2,380016.6,369095.9,393079.8,394169.1,401401.6,395598.3,414090.5,407862.0
2026-03-15,380016.6,369475.8,393079.8,394720.5,401401.6,402141.0,414090.5,414553.4,415248.6,398778.1
2026-03-16,393079.8,387492.0,401401.6,397237.2,414090.5,409848.9,415248.6,401398.2,395660.5,385821.0
2026-03-17,401401.6,408557.7,414090.5,409474.2,415248.6,401267.6,395660.5,386362.8,356586.4,356968.8
2026-03-18,414090.5,414079.2,415248.6,400828.6,395660.5,377340.4,356586.4,365613.4,368777.7,346152.7
2026-03-19,415248.6,415010.4,395660.5,383879.8,356586.4,354800.1,368777.7,349560.3,406747.3,394048.1
2026-03-20,395660.5,386149.3,356586.4,345383.0,368777.7,357321.7,406747.3,386069.2,379841.2,388295.9
2026-03-21,356586.4,347613.7,368777.7,351519.9,406747.3,380679.1,379841.2,375525.4,373311.8,378207.6
2026-03-22,368777.7,363945.0,406747.3,388533.7,379841.2,376717.1,373311.8,377020.3,364391.1,385616.8
2026-03-23,406747.3,399996.9,379841.2,378883.2,373311.8,373094.3,364391.1,381919.8,359318.3,380357.8
2026-03-24,379841.2,388023.4,373311.8,375893.5,364391.1,378115.4,359318.3,375502.8,362214.5,371900.7
2026-03-25,373311.8,373764.5,364391.1,376355.9,359318.3,370036.1,362214.5,365131.5,346164.3,348413.9
2026-03-26,364391.1,365036.7,359318.3,366622.5,362214.5,364769.8,346164.3,347907.7,353897.1,387616.3
2026-03-27,359318.3,373676.3,362214.5,359956.9,346164.3,343360.9,353897.1,376641.2,362336.4,359193.3
2026-03-28,362214.5,366592.2,346164.3,344305.8,353897.1,375550.9,362336.4,362753.2,372271.0,359313.2
2026-03-29,346164.3,346995.8,353897.1,371935.4,362336.4,366515.9,372271.0,362710.5,379391.8,372083.1
2026-03-30,353897.1,359978.1,362336.4,366423.9,372271.0,364993.1,379391.8,369520.7,348162.1,360912.4
2026-03-31,362336.4,361045.2,372271.0,362527.7,379391.8,372396.6,348162.1,350670.1,322632.4,327780.8
2026-04-01,372271.0,365562.5,379391.8,373603.8,348162.1,351066.1,322632.4,314845.4,341674.7,328841.9
2026-04-02,379391.8,380081.6,348162.1,356020.9,322632.4,318884.1,341674.7,329882.7,359426.1,351311.7
2026-04-03,348162.1,357563.5,322632.4,323147.8,341674.7,333259.5,359426.1,353222.7,369535.7,361900.9
2026-04-04,322632.4,322420.4,341674.7,333649.9,359426.1,355106.0,369535.7,363875.0,360360.3,359920.4
2026-04-05,341674.7,340808.7,359426.1,353814.9,369535.7,360231.8,360360.3,360982.5,348703.6,349539.2
2026-04-06,359426.1,357627.7,369535.7,359754.6,360360.3,357474.2,348703.6,348178.1,345776.1,335749.1
2026-04-07,369535.7,365737.8,360360.3,359152.9,348703.6,351670.8,345776.1,338463.3,312384.1,312018.6
2026-04-08,360360.3,360160.2,348703.6,350798.1,345776.1,348963.7,312384.1,314446.8,325079.0,308461.5
2026-04-09,348703.6,352876.1,345776.1,347373.9,312384.1,314815.9,325079.0,315939.2,357341.2,353680.9
2026-04-10,345776.1,345568.6,312384.1,314229.2,325079.0,327641.2,357341.2,359662.5,364208.2,354256.9
2026-04-11,312384.1,316223.2,325079.0,319409.1,357341.2,361691.2,364208.2,356050.5,385905.5,375407.1
2026-04-12,325079.0,318720.8,357341.2,363592.9,364208.2,360026.2,385905.5,380399.1,404314.6,387834.8
2026-04-13,357341.2,364597.5,364208.2,358616.7,385905.5,382194.7,404314.6,394119.0,379565.6,375408.7
2026-04-14,364208.2,360059.3,385905.5,378636.7,404314.6,391081.2,379565.6,375655.1,320965.4,324310.5
2026-04-15,385905.5,388087.9,404314.6,396117.1,379565.6,375541.9,320965.4,324161.7,337198.1,325933.9
2026-04-16,404314.6,412361.5,379565.6,378091.6,320965.4,320154.4,337198.1,333296.2,358494.5,359511.2
2026-04-17,379565.6,384101.2,320965.4,323975.2,337198.1,328956.8,358494.5,355792.7,355667.9,351336.9
2026-04-18,320965.4,322643.8,337198.1,328298.1,358494.5,352566.4,355667.9,352129.1,358351.9,336990.2
2026-04-19,337198.1,340659.4,358494.5,356943.9,355667.9,351886.1,358351.9,349957.4,337142.9,334335.2
2026-04-20,358494.5,372001.5,355667.9,357010.1,358351.9,357182.0,337142.9,337027.4,326803.9,336926.4
2026-04-21,355667.9,353844.9,358351.9,368966.4,337142.9,340203.5,326803.9,338035.5,343783.9,321758.2
2026-04-22,358351.9,363598.8,337142.9,342504.9,326803.9,346993.2,343783.9,349171.2,312899.0,327172.6
2026-04-23,337142.9,338627.2,326803.9,330522.5,343783.9,352318.2,312899.0,321962.5,326786.1,337502.4
2026-04-24,326803.9,329536.4,343783.9,348313.8,312899.0,324846.6,326786.1,331053.1,340216.9,336131.2
2026-04-25,343783.9,331414.3,312899.0,331942.6,326786.1,334324.2,340216.9,331644.9,347844.1,355172.4
2026-04-26,312899.0,324415.2,326786.1,331249.3,340216.9,337012.9,347844.1,357840.8,357109.2,372765.2
2026-04-27,326786.1,332788.9,340216.9,339381.6,347844.1,346535.4,357109.2,362033.6,335996.0,340487.1
2026-04-28,340216.9,339933.4,347844.1,347826.0,357109.2,353509.9,335996.0,346210.6,323253.2,320515.2
2026-04-29,347844.1,350528.7,357109.2,357221.8,335996.0,339060.6,323253.2,321656.3,313629.8,319063.2
2026-04-30,357109.2,358787.4,335996.0,333879.0,323253.2,318650.6,313629.8,309680.5,335137.4,343943.7
2026-05-01,335996.0,338663.4,323253.2,320618.6,313629.8,313160.7,335137.4,343024.2,353723.6,351219.1
2026-05-02,323253.2,328261.4,313629.8,310344.3,335137.4,341686.9,353723.6,354008.0,373795.8,366760.0
2026-05-03,313629.8,317158.4,335137.4,339785.0,353723.6,351780.7,373795.8,368956.7,336217.6,369429.6
2026-05-04,335137.4,339405.8,353723.6,356545.8,373795.8,376942.6,336217.6,362596.1,335962.2,334443.2
2026-05-05,353723.6,353630.5,373795.8,373009.8,336217.6,349662.2,335962.2,342365.9,331072.4,332734.9
2026-05-06,373795.8,369224.1,336217.6,340683.3,335962.2,336188.8,331072.4,335960.6,307666.2,308392.8
2026-05-07,336217.6,341749.0,335962.2,339188.9,331072.4,339512.9,307666.2,323027.2,334937.9,348837.0
2026-05-08,335962.2,339803.0,331072.4,337194.8,307666.2,316500.9,334937.9,342879.1,323692.4,328941.7
2026-05-09,331072.4,327395.5,307666.2,314876.2,334937.9,343570.8,323692.4,330782.8,351044.4,352993.0
2026-05-10,307666.2,320393.7,334937.9,342592.9,323692.4,331657.9,351044.4,350171.1,356595.8,357232.6
2026-05-11,334937.9,341090.0,323692.4,332188.6,351044.4,356033.9,356595.8,354666.5,337248.8,343579.2
2026-05-12,323692.4,330057.6,351044.4,354813.3,356595.8,357975.1,337248.8,350622.4,316663.0,318570.5
2026-05-13,351044.4,348467.0,356595.8,362497.3,337248.8,348074.8,316663.0,320706.1,352435.1,328552.2
2026-05-14,356595.8,357428.1,337248.8,345574.2,316663.0,316985.0,352435.1,340293.7,436575.9,388288.3
2026-05-15,337248.8,341122.2,316663.0,314765.2,352435.1,342600.3,436575.9,399476.5,481121.6,442669.7
2026-05-16,316663.0,318221.0,352435.1,341816.0,436575.9,397861.3,481121.6,439898.6,478265.5,454923.1
2026-05-17,352435.1,363104.3,436575.9,409369.5,481121.6,453044.9,478265.5,442281.8,367873.8,367642.9
2026-05-18,436575.9,439572.8,481121.6,461377.2,478265.5,446912.6,367873.8,351820.9,335012.3,343920.1
2026-05-19,481121.6,484671.2,478265.5,450561.4,367873.8,357381.4,335012.3,341674.6,340533.1,332191.9
2026-05-20,478265.5,475821.0,367873.8,359832.6,335012.3,338847.8,340533.1,336133.4,335688.0,332474.9
2026-05-21,367873.8,369762.7,335012.3,344850.4,340533.1,335728.5,335688.0,342649.3,329585.0,347286.6
2026-05-22,335012.3,343513.0,340533.1,342977.8,335688.0,345451.4,329585.0,351889.1,362510.6,366921.3
2026-05-23,340533.1,326672.1,335688.0,343286.2,329585.0,351384.8,362510.6,369973.8,392604.3,388235.9
2026-05-24,335688.0,348687.0,329585.0,352766.2,362510.6,368266.8,392604.3,409131.1,375519.2,389463.1
2026-05-25,329585.0,354128.8,362510.6,365846.8,392604.3,399746.1,375519.2,388186.8,354028.8,368356.7
2026-05-26,362510.6,368903.9,392604.3,399460.5,375519.2,380429.2,354028.8,364283.4,313733.2,326219.4
