date,pred_day1,pred_day2,pred_day3,actual_day1,actual_day2,actual_day3
2024-01-01,393748.44,404784.75,408009.06,422984,427939,429079
2024-01-02,420119.25,413293.03,412417.97,427939,429079,443605
2024-01-03,419260.72,411680.25,401642.06,429079,443605,426472
2024-01-04,420460.97,398941.53,405216.03,443605,426472,418583
2024-01-05,419608.53,407584.94,421203.44,426472,418583,429439
2024-01-06,406347.56,423013.28,439480.47,418583,429439,436717
2024-01-07,429209.28,439562.2,438631.22,429439,436717,410206
2024-01-08,429727.72,428581.28,428847.2,436717,410206,416344
2024-01-09,437745.56,436808.78,440779.25,410206,416344,407056
2024-01-10,414557.78,425879.1,415748.88,416344,407056,389057
2024-01-11,418338.12,411495.12,414270.22,407056,389057,410733
2024-01-12,400706.56,406592.38,427209.28,389057,410733,449771
2024-01-13,393159.38,425064.47,431091.62,410733,449771,470396
2024-01-14,438744.22,435880.72,427666.53,449771,470396,461060
2024-01-15,450168.22,440205.25,440633.28,470396,461060,484522
2024-01-16,455788.06,443791.66,436830.94,461060,484522,474769
2024-01-17,456090.3,439094.97,412839.16,484522,474769,472865
2024-01-18,464430.62,422872.72,429600.75,474769,472865,464226
2024-01-19,442210.6,427586.88,450552.34,472865,464226,469117
2024-01-20,449987.06,463542.4,456993.47,464226,469117,447432
2024-01-21,484586.97,469518.94,457362.53,469117,447432,435050
2024-01-22,461644.62,454133.25,452400.6,447432,435050,411543
2024-01-23,446542.6,450881.34,446827.66,435050,411543,414847
2024-01-24,438658.28,443300.47,435385.4,411543,414847,392095
2024-01-25,412681.6,416840.4,428070.7,414847,392095,404005
2024-01-26,409323.7,417003.53,439370.75,392095,404005,437848
2024-01-27,393331.75,428208.9,439803.25,404005,437848,442890
2024-01-28,431217.12,436657.0,438136.0,437848,442890,436052
2024-01-29,441085.94,441426.06,434389.22,442890,436052,428229
2024-01-30,440403.97,433719.03,430235.1,436052,428229,422280
2024-01-31,432697.6,430316.7,404101.0,428229,422280,394350
2024-02-01,421185.03,398719.7,402996.0,422280,394350,389124
2024-02-02,403360.75,403251.2,426317.28,394350,389124,417957
2024-02-03,393752.9,424017.06,426211.56,389124,417957,423083
2024-02-04,416420.03,423898.88,425179.12,417957,423083,420481
2024-02-05,418945.1,423284.47,419952.8,423083,420481,404493
2024-02-06,424575.12,422759.66,418595.7,420481,404493,390582
2024-02-07,419503.78,418246.6,399934.38,404493,390582,366779
2024-02-08,405196.88,393183.97,391427.6,390582,366779,374583
2024-02-09,382251.47,383294.34,416138.88,366779,374583,408017
2024-02-10,371493.66,410649.38,414339.6,374583,408017,426649
2024-02-11,407623.34,414825.7,416939.47,408017,426649,435834
2024-02-12,414555.72,411217.88,409383.0,426649,435834,442120
2024-02-13,424904.94,416874.5,407446.16,435834,442120,426899
2024-02-14,431825.06,417619.16,392756.7,442120,426899,420700
2024-02-15,428135.38,399193.7,395148.2,426899,420700,419685
2024-02-16,402529.62,393002.88,414283.44,420700,419685,415196
2024-02-17,404977.84,422886.84,426838.1,419685,415196,428324
2024-02-18,431735.28,428774.4,426349.4,415196,428324,418904
2024-02-19,420660.1,419363.78,420579.12,428324,418904,416840
2024-02-20,424803.22,425422.78,420054.16,418904,416840,401353
2024-02-21,416235.22,416585.9,406623.5,416840,401353,387495
2024-02-22,415806.06,403747.03,405084.7,401353,387495,394255
2024-02-23,394624.5,399202.84,415436.1,387495,394255,395844
2024-02-24,389278.88,416216.5,417545.44,394255,395844,386153
2024-02-25,420898.28,418378.4,419338.3,395844,386153,395833
2024-02-26,398772.8,410407.47,413249.56,386153,395833,420263
2024-02-27,390959.47,402751.16,401795.3,395833,420263,403490
2024-02-28,399762.44,403064.78,390470.06,420263,403490,387716
2024-02-29,418720.6,394955.84,397679.53,403490,387716,352503
2024-03-01,384719.4,385344.53,398465.75,387716,352503,367485
2024-03-02,377871.94,400665.7,397872.22,352503,367485,384415
2024-03-03,392252.28,385452.53,390654.9,367485,384415,388956
2024-03-04,373542.25,384088.9,392221.78,384415,388956,380723
2024-03-05,387703.78,396410.1,392959.2,388956,380723,367801
2024-03-06,390331.75,392092.72,378207.84,380723,367801,379479
2024-03-07,383353.78,370736.8,354093.03,367801,379479,358786
2024-03-08,358781.56,349720.44,369343.53,379479,358786,396342
2024-03-09,363290.97,378061.34,388193.25,358786,396342,369226
2024-03-10,379385.4,384005.28,388759.22,396342,369226,359987
2024-03-11,395471.72,392570.06,384672.53,369226,359987,357318
2024-03-12,374196.97,371222.1,368350.66,359987,357318,366276
2024-03-13,365737.94,364357.44,363350.9,357318,366276,335707
2024-03-14,363158.4,361254.62,355183.97,366276,335707,336693
2024-03-15,358115.12,353584.22,385535.7,335707,336693,381121
2024-03-16,345932.7,381527.88,370002.3,336693,381121,393349
2024-03-17,377423.2,368104.7,363556.25,381121,393349,397112
2024-03-18,379360.25,368339.97,366124.97,393349,397112,409807
2024-03-19,385146.6,374737.16,376097.0,397112,409807,415920
2024-03-20,388826.16,383727.6,357787.0,409807,415920,401138
2024-03-21,403045.97,369216.94,360535.3,415920,401138,374557
2024-03-22,387423.6,370692.6,385143.47,401138,374557,384438
2024-03-23,381739.2,395944.06,399184.12,374557,384438,386016
2024-03-24,396600.53,390318.28,393159.28,384438,386016,383440
2024-03-25,386701.78,390227.75,392487.0,386016,383440,385319
2024-03-26,388849.38,394877.16,395211.62,383440,385319,368829
2024-03-27,388185.97,394961.25,379998.03,385319,368829,345378
2024-03-28,387294.88,379260.4,368373.03,368829,345378,325243
2024-03-29,367329.72,360904.34,377822.5,345378,325243,367030
2024-03-30,350872.2,371775.88,379389.38,325243,367030,386645
2024-03-31,370323.88,376024.06,375396.25,367030,386645,406245
2024-04-01,371465.75,373449.25,379226.88,386645,406245,397836
2024-04-02,384797.94,384226.78,375794.78,406245,397836,388521
2024-04-03,400003.2,386750.28,363469.28,397836,388521,356619
2024-04-04,391146.38,368274.28,361506.56,388521,356619,332183
2024-04-05,358621.38,352220.03,375303.22,356619,332183,359827
2024-04-06,344861.0,375220.94,383205.22,332183,359827,346989
2024-04-07,364033.66,377692.88,386562.0,359827,346989,355228
2024-04-08,369204.25,379612.62,381767.2,346989,355228,365606
2024-04-09,366933.47,383834.3,381455.88,355228,365606,361963
2024-04-10,369678.0,373508.6,351930.34,365606,361963,348503
2024-04-11,368177.2,351233.06,343469.16,361963,348503,335865
2024-04-12,347328.1,340318.75,362667.78,348503,335865,350071
2024-04-13,338419.0,361871.12,354424.22,335865,350071,339671
2024-04-14,353740.62,351510.1,359002.66,350071,339671,356194
2024-04-15,353018.56,364218.72,366427.5,339671,356194,373869
2024-04-16,352411.94,363291.25,363930.28,356194,373869,359345
2024-04-17,360640.44,360497.38,344710.34,373869,359345,332680
2024-04-18,369164.4,345288.22,340835.56,359345,332680,338656
2024-04-19,342722.5,338465.62,353161.75,332680,338656,342454
2024-04-20,332813.16,352679.62,348459.8,338656,342454,342677
2024-04-21,350294.06,349175.4,357810.94,342454,342677,355024
2024-04-22,345243.3,356730.34,367193.22,342677,355024,343688
2024-04-23,352037.94,365684.06,359119.28,355024,343688,340312
2024-04-24,362706.44,359262.9,339132.8,343688,340312,326431
2024-04-25,351186.7,338406.25,338622.3,340312,326431,325120
2024-04-26,331852.2,337807.2,345558.84,326431,325120,366276
2024-04-27,334545.88,348086.72,348751.72,325120,366276,358251
2024-04-28,347058.22,350103.03,358040.53,366276,358251,350458
2024-04-29,365379.1,362693.3,356148.8,358251,350458,349761
2024-04-30,357183.62,353855.06,352593.0,350458,349761,342227
2024-05-01,351081.97,354258.66,343303.28,349761,342227,322487
2024-05-02,355868.53,344928.1,342476.03,342227,322487,337862
2024-05-03,332496.3,340084.62,361337.0,322487,337862,350107
2024-05-04,336477.16,363401.62,359467.5,337862,350107,351134
2024-05-05,360996.3,359990.06,352643.78,350107,351134,376529
2024-05-06,355678.44,354859.62,357058.1,351134,376529,362048
2024-05-07,359942.03,360627.53,355320.12,376529,362048,355585
2024-05-08,379591.7,365035.75,349227.34,362048,355585,319273
2024-05-09,353234.12,343327.38,343185.47,355585,319273,322589
2024-05-10,337655.75,342095.8,355215.38,319273,322589,347592
2024-05-11,333210.22,354985.3,357692.72,322589,347592,354308
2024-05-12,348920.8,356973.56,370370.47,347592,354308,367547
2024-05-13,354850.78,370064.62,365950.4,354308,367547,363719
2024-05-14,366087.06,364428.9,363243.8,367547,363719,358570
2024-05-15,365613.72,361000.78,345673.22,363719,358570,337190
2024-05-16,361682.62,343576.0,344375.12,358570,337190,335800
2024-05-17,339926.38,345513.53,355602.97,337190,335800,376531
2024-05-18,334151.16,355999.94,364678.7,335800,376531,407709
2024-05-19,348368.03,363639.12,371280.28,376531,407709,433616
2024-05-20,374003.66,374915.22,375179.25,407709,433616,425827
2024-05-21,412901.66,399708.25,389889.78,433616,425827,414004
2024-05-22,431243.7,406428.03,373802.2,425827,414004,376101
2024-05-23,420361.1,380435.47,373924.66,414004,376101,381713
2024-05-24,396550.62,382883.94,402679.2,376101,381713,399700
2024-05-25,360929.44,400863.7,420147.3,381713,399700,415828
2024-05-26,409740.44,426540.88,433889.47,399700,415828,394405
2024-05-27,410380.84,417066.06,414883.62,415828,394405,369278
2024-05-28,427994.2,418519.72,413400.78,394405,369278,365477
2024-05-29,397780.34,412404.12,382329.4,369278,365477,359448
2024-05-30,375430.72,367505.7,375019.9,365477,359448,377516
2024-05-31,363893.66,372786.53,405681.66,359448,377516,446640
2024-06-01,371837.84,418628.97,428910.38,377516,446640,455371
2024-06-02,416195.5,424419.44,419597.4,446640,455371,460240
2024-06-03,453930.78,429050.3,406295.4,455371,460240,475736
2024-06-04,450783.6,429962.25,407768.16,460240,475736,439635
2024-06-05,448008.22,427211.03,394932.44,475736,439635,379410
2024-06-06,452565.1,419557.06,401348.1,439635,379410,373593
2024-06-07,409892.84,412063.84,458445.06,379410,373593,397018
2024-06-08,376798.12,425641.84,445533.9,373593,397018,395916
2024-06-09,413740.94,429528.94,443160.3,397018,395916,399653
2024-06-10,405175.2,422356.03,435721.28,395916,399653,435510
2024-06-11,401496.0,412610.06,423164.9,399653,435510,461561
2024-06-12,409808.06,423299.66,395716.25,435510,461561,393897
2024-06-13,442810.75,403671.78,401057.9,461561,393897,373335
2024-06-14,439602.34,420820.06,442870.62,393897,373335,469112
2024-06-15,382490.78,424155.22,439555.94,373335,469112,527196
2024-06-16,403789.1,413792.62,416717.16,469112,527196,543530
2024-06-17,466606.25,447639.1,456555.0,527196,543530,559759
2024-06-18,513493.5,473587.8,472118.9,543530,559759,570109
2024-06-19,548176.1,494390.8,442749.53,559759,570109,535547
2024-06-20,556681.5,489484.9,438123.72,570109,535547,529014
2024-06-21,545381.7,490643.88,487692.2,535547,529014,490997
2024-06-22,490615.97,508779.16,505226.8,529014,490997,486303
2024-06-23,530553.25,516001.06,504329.0,490997,486303,525754
2024-06-24,477306.8,488787.4,500624.47,486303,525754,476164
2024-06-25,490541.78,496725.9,501767.97,525754,476164,414956
2024-06-26,524286.7,514140.56,506767.06,476164,414956,426945
2024-06-27,470359.06,462903.3,482023.5,414956,426945,460868
2024-06-28,407255.94,416696.47,467358.28,426945,460868,431472
2024-06-29,444843.1,489447.84,502467.53,460868,431472,441902
2024-06-30,521877.3,513824.4,514972.16,431472,441902,463360
2024-07-01,428511.62,448293.53,473019.7,441902,463360,467134
2024-07-02,458609.62,480758.47,468882.03,463360,467134,533519
2024-07-03,464799.6,460271.53,448980.06,467134,533519,523969
2024-07-04,473580.38,454588.25,461266.38,533519,523969,521182
2024-07-05,518189.25,504546.78,504007.5,523969,521182,574000
2024-07-06,502707.28,512532.47,517547.97,521182,574000,584058
2024-07-07,516331.47,509258.06,496355.88,574000,584058,597640
2024-07-08,559774.44,532679.56,502831.28,584058,597640,561768
2024-07-09,555984.9,532687.25,513955.44,597640,561768,536781
2024-07-10,570501.6,549963.06,483858.28,561768,536781,515131
2024-07-11,522842.94,498000.84,463009.94,536781,515131,518148
2024-07-12,485993.5,483040.3,492826.56,515131,518148,580888
2024-07-13,506659.28,522560.1,521284.0,518148,580888,592663
2024-07-14,545437.1,547841.44,529870.25,580888,592663,573643
2024-07-15,560651.8,544069.3,533578.2,592663,573643,525127
2024-07-16,562533.1,538208.25,518162.56,573643,525127,475701
2024-07-17,531199.9,521655.28,493542.25,525127,475701,456776
2024-07-18,493389.75,485466.66,482858.7,475701,456776,481646
2024-07-19,458222.94,466022.5,502650.25,456776,481646,526124
2024-07-20,459593.1,507050.2,518599.56,481646,526124,516107
2024-07-21,533196.94,527294.4,526910.25,526124,516107,521984
2024-07-22,516615.9,519300.22,527899.2,516107,521984,506310
2024-07-23,520256.06,526879.0,521056.6,521984,506310,459683
2024-07-24,512619.72,507001.28,495027.53,506310,459683,446715
2024-07-25,504933.1,492612.12,495672.38,459683,446715,456195
2024-07-26,438488.28,451840.78,504776.7,446715,456195,511532
2024-07-27,458325.72,518575.3,522707.0,456195,511532,547796
2024-07-28,515508.3,529308.2,520600.38,511532,547796,565816
2024-07-29,519571.84,526613.75,524671.75,547796,565816,576951
2024-07-30,556114.5,540705.0,506653.2,565816,576951,581618
2024-07-31,543577.3,515848.47,476262.53,576951,581618,537792
2024-08-01,564457.5,514200.2,481311.5,581618,537792,502512
2024-08-02,525823.25,493194.03,518612.4,537792,502512,542915
2024-08-03,503452.34,534852.1,512515.03,502512,542915,540208
2024-08-04,522196.62,511653.78,503354.94,542915,540208,451381
2024-08-05,552073.25,539212.75,502185.38,540208,451381,436608
2024-08-06,526133.2,527338.4,510356.7,451381,436608,496856
2024-08-07,439488.53,454555.47,450105.8,436608,496856,460415
2024-08-08,446362.53,436238.72,441029.72,496856,460415,422982
2024-08-09,479098.88,462531.28,508777.66,460415,422982,436713
2024-08-10,440603.34,496340.3,513586.47,422982,436713,435632
2024-08-11,464601.1,498079.47,499277.03,436713,435632,464863
2024-08-12,452747.25,477675.9,485464.2,435632,464863,480196
2024-08-13,452853.7,474362.5,491493.44,464863,480196,492666
2024-08-14,474594.2,483394.8,459275.1,480196,492666,463387
2024-08-15,487795.7,460947.8,450761.94,492666,463387,454884
2024-08-16,473176.22,447491.1,484132.34,463387,454884,478622
2024-08-17,440799.8,474267.8,482355.72,454884,478622,404166
2024-08-18,486963.0,472157.44,483571.8,478622,404166,382193
2024-08-19,464240.62,467972.44,473767.3,404166,382193,388659
2024-08-20,400693.22,414183.3,425893.56,382193,388659,406606
2024-08-21,390684.4,417055.84,412081.5,388659,406606,404608
2024-08-22,397004.4,407180.47,416603.25,406606,404608,424234
2024-08-23,413620.0,421660.9,449691.0,404608,424234,475228
2024-08-24,423373.97,463524.88,457921.88,424234,475228,486280
2024-08-25,460867.7,453266.28,442784.3,475228,486280,538074
2024-08-26,468453.9,448357.97,428204.03,486280,538074,479008
2024-08-27,480561.06,454960.66,440643.62,538074,479008,438276
2024-08-28,532579.9,500234.28,445768.12,479008,438276,428450
2024-08-29,441172.72,412050.3,417893.9,438276,428450,436667
2024-08-30,412928.44,416821.25,439714.12,428450,436667,397861
2024-08-31,432218.12,462637.78,463080.7,436667,397861,382383
2024-09-01,470649.1,470796.75,469329.62,397861,382383,392433
2024-09-02,422730.16,439034.94,441782.94,382383,392433,401139
2024-09-03,390799.9,416640.72,422247.25,392433,401139,414179
2024-09-04,401080.97,415311.5,416135.72,401139,414179,389564
2024-09-05,407548.47,405327.44,416717.56,414179,389564,339328
2024-09-06,416222.8,415701.25,426909.7,389564,339328,376974
2024-09-07,384440.62,412249.38,403483.56,339328,376974,388451
2024-09-08,378288.28,375441.1,388710.66,376974,388451,389342
2024-09-09,385511.78,392572.38,399758.5,388451,389342,407709
2024-09-10,397769.94,406604.97,410744.8,389342,407709,420428
2024-09-11,398201.84,404985.7,387515.97,407709,420428,411723
2024-09-12,416297.47,395309.62,373561.62,420428,411723,405487
2024-09-13,401976.6,381365.06,404443.4,411723,405487,415576
2024-09-14,403987.84,426158.2,430110.1,405487,415576,421954
2024-09-15,424882.38,424262.56,422586.38,415576,421954,421267
2024-09-16,413345.62,408764.22,409918.03,421954,421267,433369
2024-09-17,427359.72,420814.06,416421.66,421267,433369,429839
2024-09-18,419642.53,421781.38,394303.72,433369,429839,388417
2024-09-19,443929.9,421421.03,398735.03,429839,388417,372813
2024-09-20,424612.9,417088.97,431996.34,388417,372813,389671
2024-09-21,391344.25,427366.06,427905.12,372813,389671,377007
2024-09-22,409954.75,415647.94,423226.75,389671,377007,383863
2024-09-23,394857.44,403131.22,407620.7,377007,383863,405611
2024-09-24,383840.78,394213.84,398266.5,383863,405611,394192
2024-09-25,389198.3,396455.25,375430.38,405611,394192,368645
2024-09-26,412733.25,388716.22,376907.1,394192,368645,360833
2024-09-27,379644.9,373006.12,393015.53,368645,360833,380540
2024-09-28,361953.47,388417.72,380561.6,360833,380540,378790
2024-09-29,393145.66,383851.62,383981.12,380540,378790,374394
2024-09-30,385120.44,383545.4,396117.44,378790,374394,368933
2024-10-01,383228.44,390069.38,392360.53,374394,368933,370783
2024-10-02,380129.5,385720.47,366908.47,368933,370783,346745
2024-10-03,376897.62,363145.84,361945.9,370783,346745,337149
2024-10-04,361222.16,358996.25,381336.12,346745,337149,375182
2024-10-05,351955.94,379748.3,380896.97,337149,375182,358443
2024-10-06,373056.78,376801.06,380844.34,375182,358443,328129
2024-10-07,378957.75,377184.38,377534.1,358443,328129,360001
2024-10-08,365874.0,370133.97,374298.44,328129,360001,355135
2024-10-09,355287.0,369452.8,349792.06,360001,355135,328112
2024-10-10,361887.9,345337.9,347383.62,355135,328112,349492
2024-10-11,340541.47,343022.9,374408.03,328112,349492,373573
2024-10-12,338880.06,372601.62,366215.56,349492,373573,370032
2024-10-13,374299.88,369932.53,357305.12,373573,370032,371331
2024-10-14,374378.1,359061.0,373146.9,370032,371331,365958
2024-10-15,362587.16,366086.3,362109.38,371331,365958,359651
2024-10-16,368844.5,361844.4,344599.47,365958,359651,335181
2024-10-17,364082.3,343463.5,347837.5,359651,335181,330261
2024-10-18,340475.12,346717.12,371174.6,335181,330261,363372
2024-10-19,343836.12,370736.28,371489.88,330261,363372,373138
2024-10-20,370057.28,381299.34,376731.38,363372,373138,376041
2024-10-21,375582.3,380014.7,372209.84,373138,376041,366483
2024-10-22,381003.72,378827.4,373954.1,376041,366483,361156
2024-10-23,380505.44,376082.34,349150.25,366483,361156,337278
2024-10-24,365321.6,346000.84,345887.8,361156,337278,340845
2024-10-25,341629.97,345153.5,369285.97,337278,340845,368746
2024-10-26,338421.34,366443.12,370968.53,340845,368746,380993
2024-10-27,363381.06,372058.94,373562.12,368746,380993,369885
2024-10-28,372401.1,373980.78,370761.06,380993,369885,375871
2024-10-29,382139.97,375127.7,371404.94,369885,375871,381053
2024-10-30,376709.12,372794.72,347027.56,375871,381053,345015
2024-10-31,379066.47,351527.94,349558.56,381053,345015,358391
2024-11-01,357529.44,353592.6,382851.5,345015,358391,385143
2024-11-02,341742.75,371004.97,378093.5,358391,385143,371786
2024-11-03,379917.9,385277.22,381032.56,385143,371786,385899
2024-11-04,385125.7,381464.4,382362.06,371786,385899,378983
2024-11-05,377505.06,378566.62,381040.44,385899,378983,367381
2024-11-06,393754.1,389771.06,363623.2,378983,367381,344603
2024-11-07,379309.53,351947.06,364492.44,367381,344603,356053
2024-11-08,350283.84,359823.66,385455.5,344603,356053,373820
2024-11-09,348667.16,377344.25,380188.5,356053,373820,376961
2024-11-10,385185.06,382827.97,390583.34,373820,376961,387395
2024-11-11,378063.2,383505.6,382363.3,376961,387395,400527
2024-11-12,380620.0,378823.28,377162.38,387395,400527,386632
2024-11-13,385220.97,379485.88,358987.8,400527,386632,355341
2024-11-14,392917.12,371656.62,373230.6,386632,355341,354076
2024-11-15,357718.22,363385.1,385323.2,355341,354076,371361
2024-11-16,354549.8,382425.4,384861.9,354076,371361,376730
2024-11-17,380900.84,385318.97,390640.78,371361,376730,378561
2024-11-18,375330.12,379377.53,390381.4,376730,378561,393506
2024-11-19,380889.53,388173.8,386747.62,378561,393506,406623
2024-11-20,382361.78,382474.12,360430.22,393506,406623,375279
2024-11-21,388659.06,365493.8,368719.97,406623,375279,368649
2024-11-22,382467.0,376183.9,388910.06,375279,368649,386443
2024-11-23,365113.5,385902.9,388877.44,368649,386443,395593
2024-11-24,387064.78,388171.66,388384.9,386443,395593,389105
2024-11-25,387580.7,386187.0,392106.84,395593,389105,381448
2024-11-26,392968.72,394236.75,399041.06,389105,381448,386496
2024-11-27,392154.1,396072.0,374738.75,381448,386496,397992
2024-11-28,385950.84,373656.9,373872.25,386496,397992,412685
2024-11-29,371428.44,370238.47,394596.03,397992,412685,439220
2024-11-30,385463.0,402814.06,410628.12,412685,439220,440661
2024-12-01,420236.4,419697.2,413527.5,439220,440661,447907
2024-12-02,427448.47,416666.12,406873.2,440661,447907,444952
2024-12-03,427428.78,414503.47,411267.44,447907,444952,452588
2024-12-04,439939.2,422215.22,410025.25,444952,452588,427113
2024-12-05,436147.4,411538.88,414943.6,452588,427113,404308
2024-12-06,430736.16,418129.4,435702.62,427113,404308,424605
2024-12-07,415405.25,431933.7,432699.3,404308,424605,415116
2024-12-08,428112.1,425982.25,426265.38,424605,415116,412859
2024-12-09,425800.78,426526.44,426660.88,415116,412859,431369
2024-12-10,416804.75,421920.94,422889.9,412859,431369,452912
2024-12-11,415073.88,418438.16,406709.97,431369,452912,434790
2024-12-12,435640.3,414067.94,402534.97,452912,434790,433745
2024-12-13,428898.1,416475.12,430962.94,434790,433745,434747
2024-12-14,419967.1,437050.7,434038.44,433745,434747,407210
2024-12-15,447331.34,440450.47,431436.16,434747,407210,412962
2024-12-16,430099.8,425237.47,427175.9,407210,412962,424478
2024-12-17,407075.06,413570.12,420676.75,412962,424478,450348
2024-12-18,415033.9,417801.16,409833.3,424478,450348,452618
2024-12-19,424286.53,412152.22,412587.0,450348,452618,477707
2024-12-20,433409.72,423063.28,437887.34,452618,477707,500848
2024-12-21,438571.0,455941.6,441750.7,477707,500848,454368
2024-12-22,487876.22,458322.53,442344.34,500848,454368,421056
2024-12-23,483532.66,455274.78,445004.97,454368,421056,451820
2024-12-24,445130.28,437353.1,440210.84,421056,451820,447653
2024-12-25,428472.72,425296.53,414792.7,451820,447653,408466
2024-12-26,448292.34,423403.0,419245.12,447653,408466,384952
2024-12-27,429831.44,421209.28,429890.5,408466,384952,389035
2024-12-28,402514.34,423749.3,424753.28,384952,389035,387943
2024-12-29,413492.7,420479.94,421347.0,389035,387943,385936
2024-12-30,395840.28,416024.53,428618.2,387943,385936,432573
2024-12-31,391749.16,413814.1,422894.44,385936,432573,443586
2025-01-01,397284.06,414215.66,406593.34,432573,443586,444016
2025-01-02,438841.56,416035.22,405173.88,443586,444016,444903
2025-01-03,419901.88,406026.3,420451.34,444016,444903,476939
2025-01-04,424039.12,438858.88,437927.34,444903,476939,489294
2025-01-05,458189.03,444137.1,436659.88,476939,489294,491062
2025-01-06,458652.3,439168.0,445624.12,489294,491062,490940
2025-01-07,470598.0,450319.44,451125.9,491062,490940,459146
2025-01-08,473984.97,456595.06,438974.78,490940,459146,439710
2025-01-09,478715.56,444121.34,441006.88,459146,439710,422007
2025-01-10,434032.66,430208.3,447882.94,439710,422007,449775
2025-01-11,427622.3,456109.22,455459.66,422007,449775,459693
2025-01-12,442136.78,444504.06,443848.8,449775,459693,429517
2025-01-13,453184.94,457057.8,449575.3,459693,429517,472160
2025-01-14,456423.8,458953.78,448473.5,429517,472160,453330
2025-01-15,430194.8,436869.34,432649.4,472160,453330,424395
2025-01-16,462708.84,438646.88,432468.34,453330,424395,424512
2025-01-17,431853.12,422900.62,443489.84,424395,424512,474817
2025-01-18,416117.75,439883.03,443044.9,424512,474817,506734
2025-01-19,441861.72,445522.38,441292.7,474817,506734,512701
2025-01-20,468280.1,447654.44,446790.72,506734,512701,494318
2025-01-21,490926.44,472932.38,461653.06,512701,494318,479843
2025-01-22,506119.4,473129.94,441750.28,494318,479843,457379
2025-01-23,476802.56,432875.56,434604.6,479843,457379,434025
2025-01-24,450767.9,432758.78,448261.72,457379,434025,445790
2025-01-25,436913.56,461722.06,457781.4,434025,445790,445928
2025-01-26,453586.9,456322.94,456522.66,445790,445928,444417
2025-01-27,447707.44,454143.38,455477.78,445928,444417,456984
2025-01-28,447284.5,454981.9,459420.06,444417,456984,445673
2025-01-29,445884.3,452811.6,444911.88,456984,445673,425208
2025-01-30,453266.44,436550.3,439846.47,445673,425208,459971
2025-01-31,428479.44,426502.7,447735.12,425208,459971,444735
2025-02-01,421055.8,439933.5,438043.66,459971,444735,432532
2025-02-02,480277.72,464582.56,449516.3,444735,432532,450480
2025-02-03,442480.16,442859.3,441165.28,432532,450480,467189
2025-02-04,437290.78,437958.5,435319.25,450480,467189,437041
2025-02-05,451407.7,447695.5,423169.53,467189,437041,435435
2025-02-06,454445.25,423263.16,428541.1,437041,435435,437844
2025-02-07,424386.75,422795.12,436895.94,435435,437844,450142
2025-02-08,427455.84,448275.28,443120.56,437844,450142,462235
2025-02-09,453212.84,449688.16,447547.4,450142,462235,461476
2025-02-10,450865.62,445306.0,438544.03,462235,461476,449862
2025-02-11,455816.84,448897.84,441296.25,461476,449862,442210
2025-02-12,456266.56,446611.22,428067.97,449862,442210,443373
2025-02-13,447561.06,423274.8,425067.88,442210,443373,429422
2025-02-14,426508.44,423086.44,435888.3,443373,429422,449221
2025-02-15,431064.75,450494.72,447340.06,429422,449221,476337
2025-02-16,440343.8,440255.94,439021.25,449221,476337,475563
2025-02-17,459270.72,449919.0,441885.6,476337,475563,475369
2025-02-18,461504.56,451744.16,441655.25,475563,475369,467089
2025-02-19,460252.66,449205.22,429989.2,475369,467089,425995
2025-02-20,459747.66,433840.28,426248.6,467089,425995,408542
2025-02-21,439433.5,421746.03,436493.44,425995,408542,415089
2025-02-22,416560.5,434860.66,434060.03,408542,415089,409517
2025-02-23,430767.0,429150.97,432032.4,415089,409517,390834
2025-02-24,417589.94,423299.1,427026.9,409517,390834,413280
2025-02-25,411238.78,418561.78,424885.7,390834,413280,395096
2025-02-26,396503.16,411135.12,406388.12,413280,395096,389823
2025-02-27,414317.3,403400.1,407835.5,395096,389823,417225
2025-02-28,392806.53,392499.25,412558.03,389823,417225,431203
2025-03-01,388006.3,407248.0,403139.3,417225,431203,421560
2025-03-02,433966.78,418800.6,409330.97,431203,421560,407972
2025-03-03,423790.53,407762.28,411956.62,421560,407972,402155
2025-03-04,415350.03,410843.16,402115.72,407972,402155,406457
2025-03-05,405942.62,397789.7,384171.03,402155,406457,379663
2025-03-06,399300.22,381077.47,394233.38,406457,379663,362726
2025-03-07,392954.97,394294.34,407534.56,379663,362726,369364
2025-03-08,378198.88,406475.12,408059.34,362726,369364,360972
2025-03-09,395587.47,402810.56,398231.6,369364,360972,379292
2025-03-10,377568.94,384980.94,386579.2,360972,379292,374557
2025-03-11,371416.2,380279.6,385062.4,379292,374557,363430
2025-03-12,383568.12,385365.34,364703.6,374557,363430,353675
2025-03-13,377652.1,363613.3,359581.44,363430,353675,351149
2025-03-14,357819.62,355110.03,370804.0,353675,351149,381806
2025-03-15,353597.6,375678.44,366968.22,351149,381806,367892
2025-03-16,374472.72,371740.8,375351.7,381806,367892,354859
2025-03-17,376432.66,378228.28,376877.5,367892,354859,365394
2025-03-18,371910.56,370365.53,367224.22,354859,365394,359579
2025-03-19,363232.25,362790.7,349762.56,365394,359579,354994
2025-03-20,363118.12,349337.62,349834.56,359579,354994,351694
2025-03-21,345657.2,347781.9,373362.47,354994,351694,398659
2025-03-22,353143.03,378951.16,371152.88,351694,398659,378921
2025-03-23,383921.6,373501.7,361041.12,398659,378921,382551
2025-03-24,390032.56,381615.5,378749.97,378921,382551,371876
2025-03-25,373694.75,368648.4,364179.78,382551,371876,374495
2025-03-26,380339.12,368508.44,353708.62,371876,374495,356517
2025-03-27,367752.72,350073.97,349361.44,374495,356517,360486
2025-03-28,354548.47,350620.03,386685.88,356517,360486,370419
2025-03-29,356963.75,396757.2,378341.88,360486,370419,358029
2025-03-30,392883.03,381241.84,378808.16,370419,358029,387468
2025-03-31,373742.8,375491.66,371198.44,358029,387468,378371
2025-04-01,366269.62,366702.25,370283.47,387468,378371,347012
2025-04-02,383799.62,380192.4,358910.22,378371,347012,354849
2025-04-03,375886.7,353175.22,355204.88,347012,354849,347656
2025-04-04,342994.88,352083.84,367027.47,354849,347656,382340
2025-04-05,352750.72,376094.3,368691.5,347656,382340,389763
2025-04-06,366410.97,363766.5,380633.25,382340,389763,380572
2025-04-07,377717.34,384203.94,378271.34,389763,380572,392118
2025-04-08,390958.22,383165.94,365834.75,380572,392118,392050
2025-04-09,381012.56,357352.7,354008.03,392118,392050,381096
2025-04-10,378807.97,359455.56,356262.56,392050,381096,342549
2025-04-11,367252.6,356455.1,382832.66,381096,342549,353662
2025-04-12,361484.38,386826.84,391988.97,342549,353662,357035
2025-04-13,373972.3,377431.28,374070.44,353662,357035,381681
2025-04-14,369884.7,370147.3,379541.25,357035,381681,347626
2025-04-15,366595.88,374590.2,379812.6,381681,347626,344990
2025-04-16,385506.97,384029.6,368983.5,347626,344990,338585
2025-04-17,364138.38,361299.1,342479.3,344990,338585,310754
2025-04-18,347285.75,340134.2,355295.03,338585,310754,358940
2025-04-19,342239.84,365566.78,367254.84,310754,358940,349594
2025-04-20,352954.9,360122.56,373602.9,358940,349594,340508
2025-04-21,359620.12,370482.1,353710.7,349594,340508,347356
2025-04-22,369521.0,355943.34,357172.28,340508,347356,356847
2025-04-23,351596.06,356504.7,343132.5,347356,356847,351342
2025-04-24,353676.78,349644.56,346211.3,356847,351342,319984
2025-04-25,342077.0,346866.8,366828.28,351342,319984,337950
2025-04-26,342444.22,369059.2,359836.9,319984,337950,349631
2025-04-27,352325.28,355305.22,350666.16,337950,349631,345632
2025-04-28,348057.4,351764.72,352325.03,349631,345632,342781
2025-04-29,355539.25,355934.5,360176.22,345632,342781,363360
2025-04-30,350217.7,359206.12,351374.8,342781,363360,359189
2025-05-01,351398.12,347939.75,342048.72,363360,359189,352315
2025-05-02,362100.9,357021.97,358527.78,359189,352315,369147
2025-05-03,349539.75,371966.47,369251.72,352315,369147,366541
2025-05-04,358227.0,366239.1,357055.22,369147,366541,356819
2025-05-05,364203.6,357859.53,359041.62,366541,356819,368758
2025-05-06,358977.56,353620.9,368596.97,356819,368758,372522
2025-05-07,354969.0,364961.3,355793.1,368758,372522,319614
2025-05-08,372672.03,357870.78,353062.56,372522,319614,314303
2025-05-09,353334.22,349395.25,369251.66,319614,314303,349560
2025-05-10,344067.5,366091.38,367327.4,314303,349560,371568
2025-05-11,364037.2,367913.03,365077.12,349560,371568,374586
2025-05-12,359666.2,362289.66,376075.3,371568,374586,378068
2025-05-13,369420.03,372337.84,375779.66,374586,378068,381414
2025-05-14,373136.7,372532.0,347499.7,378068,381414,371248
2025-05-15,376222.62,349736.84,349571.4,381414,371248,352985
2025-05-16,354686.12,352378.94,370341.56,371248,352985,353132
2025-05-17,358317.7,381436.47,393043.9,352985,353132,345231
2025-05-18,366876.3,385674.34,379352.06,353132,345231,369837
2025-05-19,364849.1,372393.03,376458.12,345231,369837,374302
2025-05-20,358957.3,372267.6,379750.16,369837,374302,365306
2025-05-21,374042.84,374774.78,370331.56,374302,365306,330868
2025-05-22,375256.06,364608.88,360404.03,365306,330868,318024
2025-05-23,353372.7,352535.78,368227.66,330868,318024,315037
2025-05-24,340514.9,360732.84,361295.84,318024,315037,352611
2025-05-25,352979.6,355809.6,379356.6,315037,352611,359429
2025-05-26,352819.38,376173.0,385264.62,352611,359429,363735
2025-05-27,369688.1,383060.5,379687.62,359429,363735,364440
2025-05-28,364910.25,369908.72,351903.28,363735,364440,348360
2025-05-29,365499.4,350272.16,352562.3,364440,348360,321309
2025-05-30,345226.22,347390.0,364888.03,348360,321309,339731
2025-05-31,336474.7,358234.5,367727.1,321309,339731,360577
2025-06-01,346074.0,365365.56,369986.25,339731,360577,396156
2025-06-02,354374.84,368428.62,374038.88,360577,396156,449122
2025-06-03,368696.34,379366.94,379465.88,396156,449122,459894
2025-06-04,409806.28,404484.97,374300.84,449122,459894,409502
2025-06-05,451371.66,425466.78,395597.44,459894,409502,373457
2025-06-06,425536.84,416240.0,413279.66,409502,373457,393943
2025-06-07,392971.3,403170.4,412877.16,373457,393943,391158
2025-06-08,375188.06,393013.8,417189.7,393943,391158,407524
2025-06-09,393476.28,413449.38,428956.56,391158,407524,441888
2025-06-10,400682.25,425191.84,431008.56,407524,441888,412152
2025-06-11,428508.62,441729.34,412541.78,441888,412152,362580
2025-06-12,449733.2,442843.28,418613.28,412152,362580,346090
2025-06-13,403435.3,403520.47,428776.1,362580,346090,384206
2025-06-14,359401.5,393027.2,403421.12,346090,384206,402386
2025-06-15,383787.56,386380.12,402165.88,384206,402386,439811
2025-06-16,390526.72,402254.03,416284.88,402386,439811,485765
2025-06-17,404806.53,416227.66,410188.6,439811,485765,445417
2025-06-18,448293.03,442093.8,400879.2,485765,445417,451968
2025-06-19,486705.28,459558.84,417495.84,445417,451968,497532
2025-06-20,399740.6,400800.94,425217.56,451968,497532,603568
2025-06-21,447831.94,503736.12,491997.25,497532,603568,633836
2025-06-22,509942.97,502792.34,503840.3,603568,633836,632474
2025-06-23,569821.4,526868.6,506126.3,633836,632474,512055
2025-06-24,566786.2,528047.44,480819.66,632474,512055,426307
2025-06-25,564037.44,512278.6,460161.56,512055,426307,433208
2025-06-26,485808.53,463247.72,473015.6,426307,433208,478073
2025-06-27,409560.84,419909.84,464926.47,433208,478073,530522
2025-06-28,451589.28,496819.34,523534.25,478073,530522,554774
2025-06-29,532358.3,530107.9,530700.5,530522,554774,510843
2025-06-30,518518.56,530204.25,537885.1,554774,510843,496533
2025-07-01,537248.75,525709.44,492762.44,510843,496533,412993
2025-07-02,495260.4,478904.44,465864.66,496533,412993,437622
2025-07-03,478402.1,451922.5,463505.62,412993,437622,497907
2025-07-04,452441.06,472164.6,508261.4,437622,497907,565552
2025-07-05,455711.88,510502.8,516758.03,497907,565552,574991
2025-07-06,544268.3,541385.75,527547.0,565552,574991,556246
2025-07-07,560338.1,546132.3,535801.9,574991,556246,532025
2025-07-08,557463.75,548625.1,514264.78,556246,532025,532830
2025-07-09,528953.7,493776.34,467611.12,532025,532830,514939
2025-07-10,484955.53,456778.1,474515.47,532830,514939,510063
2025-07-11,498039.34,487666.8,496453.78,514939,510063,554967
2025-07-12,511095.28,523741.25,519285.8,510063,554967,551839
2025-07-13,541534.0,532204.1,522351.06,554967,551839,585710
2025-07-14,543455.1,529093.1,511723.4,551839,585710,595625
2025-07-15,537741.8,532339.1,508232.9,585710,595625,497090
2025-07-16,562039.6,535717.6,468185.38,595625,497090,453326
2025-07-17,573833.8,522231.12,485111.06,497090,453326,506675
2025-07-18,466761.1,470032.78,503633.97,453326,506675,496443
2025-07-19,457009.44,512074.66,509073.62,506675,496443,444053
2025-07-20,552027.1,547662.44,549095.6,496443,444053,465271
2025-07-21,487237.66,499265.03,517598.78,444053,465271,521636
2025-07-22,462770.2,485729.22,494449.34,465271,521636,575567
2025-07-23,482292.62,489608.03,476151.53,521636,575567,503863
2025-07-24,530186.5,499019.28,511936.78,575567,503863,496050
2025-07-25,541905.5,525535.0,538835.06,503863,496050,576515
2025-07-26,490398.03,529620.1,522137.47,496050,576515,609548
2025-07-27,517924.6,511890.75,508706.66,576515,609548,604725
2025-07-28,567017.06,548657.44,531455.3,609548,604725,537858
2025-07-29,585943.0,565186.2,529572.5,604725,537858,417952
2025-07-30,566476.6,548006.0,490516.56,537858,417952,387881
2025-07-31,516956.9,497434.88,490796.47,417952,387881,402604
2025-08-01,395318.62,407754.47,457016.06,387881,402604,468906
2025-08-02,399962.94,470264.56,492466.78,402604,468906,486732
2025-08-03,455750.4,495550.94,497701.56,468906,486732,476246
2025-08-04,489939.38,497919.34,498939.53,486732,476246,461787
2025-08-05,497562.97,497968.3,483383.78,476246,461787,450264
2025-08-06,476003.56,471292.8,456807.3,461787,450264,434603
2025-08-07,464783.34,448571.28,454019.75,450264,434603,457895
2025-08-08,433426.94,446641.22,494717.06,434603,457895,514757
2025-08-09,440485.2,495870.7,504474.8,457895,514757,539228
2025-08-10,513171.06,530584.94,505889.06,514757,539228,558830
2025-08-11,527568.6,525719.25,513542.62,539228,558830,539616
2025-08-12,552031.25,540362.25,521978.1,558830,539616,518582
2025-08-13,539230.2,509512.7,477134.2,539616,518582,493035
2025-08-14,510677.4,485489.5,475435.25,518582,493035,499221
2025-08-15,487365.66,482513.25,497133.2,493035,499221,433673
2025-08-16,471776.56,512534.97,498893.84,499221,433673,413759
2025-08-17,539490.1,528239.25,519658.78,433673,413759,414336
2025-08-18,444356.0,456400.9,454904.34,413759,414336,385342
2025-08-19,423558.06,438196.56,444766.53,414336,385342,397479
2025-08-20,420561.1,429023.12,427662.22,385342,397479,400190
2025-08-21,391619.12,403997.6,418956.94,397479,400190,414083
2025-08-22,405477.28,426773.34,450230.7,400190,414083,448064
2025-08-23,416457.7,461975.47,463997.88,414083,448064,411858
2025-08-24,457634.88,460412.53,457573.03,448064,411858,390370
2025-08-25,456975.9,452725.44,428301.7,411858,390370,386560
2025-08-26,424684.4,414747.6,420982.1,390370,386560,393179
2025-08-27,393414.16,411847.22,403423.03,386560,393179,345151
2025-08-28,400236.97,405078.34,415583.66,393179,345151,342464
2025-08-29,399177.06,414972.7,447186.62,345151,342464,363016
2025-08-30,366160.8,410731.38,418289.0,342464,363016,395481
2025-08-31,396696.03,414507.84,409658.8,363016,395481,399937
2025-09-01,394247.16,405103.1,404027.4,395481,399937,414264
2025-09-02,403079.66,408810.12,410633.06,399937,414264,429665
2025-09-03,403563.1,407686.47,378932.2,414264,429665,425867
2025-09-04,412451.22,380246.28,378541.56,429665,425867,361321
2025-09-05,405678.12,395473.03,410381.06,425867,361321,363756
2025-09-06,407173.62,418537.5,442743.7,361321,363756,365562
2025-09-07,373529.28,400288.56,405422.1,363756,365562,372827
2025-09-08,376271.38,391602.8,400966.25,365562,372827,383081
2025-09-09,375733.53,391731.94,399205.38,372827,383081,386071
2025-09-10,377978.5,389841.78,387087.4,383081,386071,375296
2025-09-11,400457.22,401201.75,370633.03,386071,375296,381620
2025-09-12,387774.3,373228.84,395113.66,375296,381620,408353
2025-09-13,369703.06,394110.56,392611.3,381620,408353,393071
2025-09-14,397887.9,411153.56,398020.1,408353,393071,386012
2025-09-15,415331.5,411970.8,399746.25,393071,386012,404819
2025-09-16,389175.66,396026.25,396454.44,386012,404819,411027
2025-09-17,385727.78,388645.78,374369.06,404819,411027,345629
2025-09-18,416016.2,399352.9,385018.94,411027,345629,337509
2025-09-19,399369.47,399606.97,422000.44,345629,337509,378215
2025-09-20,359052.78,388564.9,390260.88,337509,378215,415070
2025-09-21,380027.62,381128.2,385936.03,378215,415070,432045
2025-09-22,383765.03,384470.28,394287.8,415070,432045,443856
2025-09-23,425503.72,421099.72,410856.3,432045,443856,424177
2025-09-24,433855.0,429414.6,377051.0,443856,424177,384606
2025-09-25,426647.2,393172.62,376792.88,424177,384606,389370
2025-09-26,401773.7,388397.56,406423.53,384606,389370,401111
2025-09-27,369266.66,404100.8,425775.2,389370,401111,388877
2025-09-28,419620.94,449398.38,436449.8,401111,388877,354462
2025-09-29,405949.0,420999.88,421905.44,388877,354462,345596
2025-09-30,396257.16,412999.97,410450.38,354462,345596,349139
2025-10-01,371971.97,386637.7,372893.06,345596,349139,344751
2025-10-02,364893.72,364851.47,375037.44,349139,344751,365044
2025-10-03,355848.44,366911.4,387675.4,344751,365044,398557
2025-10-04,370646.22,402822.94,396485.22,365044,398557,412610
2025-10-05,406859.06,413397.88,390531.84,398557,412610,381908
2025-10-06,403391.5,394705.12,382572.06,412610,381908,340210
2025-10-07,422107.9,406644.72,392181.16,381908,340210,343884
2025-10-08,370123.72,367907.62,354493.16,340210,343884,335880
2025-10-09,348847.8,346812.72,363310.2,343884,335880,331735
2025-10-10,338990.03,359269.6,387267.28,335880,331735,367314
2025-10-11,350842.03,386304.34,391725.4,331735,367314,365207
2025-10-12,381579.84,388171.53,378662.53,367314,365207,355844
2025-10-13,379046.97,376409.94,360484.4,365207,355844,348466
2025-10-14,368652.94,354068.34,357787.56,355844,348466,355205
2025-10-15,354155.62,353907.3,346362.5,348466,355205,333811
2025-10-16,349418.34,342581.03,343450.53,355205,333811,333860
2025-10-17,339436.88,342507.72,367178.94,333811,333860,367602
2025-10-18,338716.97,366760.9,370878.84,333860,367602,355612
2025-10-19,363658.78,369220.28,365696.97,367602,355612,362528
2025-10-20,367660.88,363429.38,360915.03,355612,362528,365932
2025-10-21,359940.5,359293.75,364506.6,362528,365932,362890
2025-10-22,359326.3,361283.5,344439.97,365932,362890,342243
2025-10-23,364443.56,343407.47,343770.44,362890,342243,334949
2025-10-24,344072.7,342843.53,369602.4,342243,334949,367270
2025-10-25,340932.72,367086.1,362783.9,334949,367270,372594
2025-10-26,361941.9,361870.06,369863.16,367270,372594,373448
2025-10-27,367565.7,368976.44,370608.6,372594,373448,390766
2025-10-28,371348.0,370558.72,370166.16,373448,390766,376886
2025-10-29,374346.1,370244.72,346848.6,390766,376886,351806
2025-10-30,383064.4,358311.34,355449.12,376886,351806,356500
2025-10-31,352636.2,348473.5,374865.3,351806,356500,380960
2025-11-01,346345.4,376505.6,376092.66,356500,380960,366604
2025-11-02,379049.06,382152.25,378895.78,380960,366604,382395
2025-11-03,381371.16,379068.34,388531.3,366604,382395,378556
2025-11-04,373628.72,381842.38,377796.62,382395,378556,383749
2025-11-05,385403.03,381902.4,360582.2,378556,383749,343841
2025-11-06,378558.03,357984.9,361762.5,383749,343841,361796
2025-11-07,362109.16,362449.72,388736.6,343841,361796,399183
2025-11-08,348074.06,375614.7,378816.84,361796,399183,420021
2025-11-09,386933.9,382340.94,388634.12,399183,420021,416294
2025-11-10,394875.47,392122.38,388333.28,420021,416294,400421
2025-11-11,416125.1,400789.0,395941.4,416294,400421,394431
2025-11-12,409005.6,397056.44,370529.38,400421,394431,375406
2025-11-13,394427.34,371732.38,376026.9,394431,375406,369074
2025-11-14,374838.38,372163.88,402136.06,375406,369074,414233
2025-11-15,369525.88,404038.9,408421.9,369074,414233,406375
2025-11-16,403019.8,406862.38,405332.62,414233,406375,405805
2025-11-17,416308.38,410273.8,400403.94,406375,405805,403421
2025-11-18,406261.84,400031.94,398757.75,405805,403421,406574
2025-11-19,401730.3,400149.6,380849.38,403421,406574,373629
2025-11-20,400516.22,380274.9,376335.28,406574,373629,389826
2025-11-21,385784.0,377931.1,407527.03,373629,389826,391851
2025-11-22,371563.1,404412.28,403868.9,389826,391851,402750
2025-11-23,417630.25,411815.72,409220.7,391851,402750,388142
2025-11-24,394838.5,397781.47,398859.47,402750,388142,372375
2025-11-25,400313.44,400189.1,401006.88,388142,372375,398023
2025-11-26,388840.66,394919.6,374593.3,372375,398023,391216
2025-11-27,379969.66,369256.97,380894.94,398023,391216,403315
2025-11-28,381126.3,383143.7,397833.53,391216,403315,417651
2025-11-29,382246.22,400493.56,407183.88,403315,417651,447102
2025-11-30,418085.78,413078.97,404249.38,417651,447102,436828
2025-12-01,413810.3,405876.34,398132.06,447102,436828,449000
2025-12-02,437320.62,420598.12,427357.16,436828,449000,470501
2025-12-03,428879.06,419937.53,398830.7,449000,470501,429126
2025-12-04,444264.22,409033.88,412428.56,470501,429126,416361
2025-12-05,444036.3,418064.5,431422.5,429126,416361,462827
2025-12-06,412897.84,431021.16,439766.8,416361,462827,484529
2025-12-07,434869.53,429990.6,428123.16,462827,484529,459292
2025-12-08,457017.2,443792.94,437232.5,484529,459292,461247
2025-12-09,470760.75,451204.25,443750.06,459292,461247,468059
2025-12-10,447640.3,443636.9,420200.75,461247,468059,447356
2025-12-11,457441.7,419771.2,411479.12,468059,447356,457352
2025-12-12,436543.38,417758.38,429574.9,447356,457352,499855
2025-12-13,430030.53,449131.22,441799.97,457352,499855,480854
2025-12-14,480566.88,463764.25,443156.38,499855,480854,462137
2025-12-15,487281.8,465058.38,443742.9,480854,462137,430212
2025-12-16,468739.6,451231.44,434967.03,462137,430212,429228
2025-12-17,454872.66,443416.66,415657.56,430212,429228,426942
2025-12-18,431842.7,414485.2,409085.94,429228,426942,421268
2025-12-19,420828.34,414923.0,422857.16,426942,421268,448888
2025-12-20,422385.62,432702.2,425023.25,421268,448888,450501
2025-12-21,438039.25,434445.97,425682.12,448888,450501,417138
2025-12-22,450006.47,441919.47,426798.84,450501,417138,404335
2025-12-23,447066.78,437914.3,429965.34,417138,404335,465926
2025-12-24,417289.4,418154.6,404430.8,404335,465926,455757
2025-12-25,411215.7,403878.06,407402.28,465926,455757,448349
2025-12-26,439484.75,421675.22,443835.16,455757,448349,441462
2025-12-27,434546.78,457265.47,450516.66,448349,441462,470010
2025-12-28,475580.84,456178.44,440111.53,441462,470010,463351
2025-12-29,434544.8,436739.47,425347.88,470010,463351,447713
2025-12-30,463081.7,442248.1,443473.25,463351,447713,478481
2025-12-31,452163.8,446834.84,433081.1,447713,478481,459811
2026-01-01,448542.9,433861.0,436308.8,478481,459811,450079
2026-01-02,446287.44,436577.53,450784.44,459811,450079,473468
2026-01-03,437709.28,461273.2,455609.1,450079,473468,449347
2026-01-04,475410.34,466971.66,455723.62,473468,449347,434147
2026-01-05,464263.3,455755.53,450343.6,449347,434147,415698
2026-01-06,448637.0,449362.94,447459.16,434147,415698,421253
2026-01-07,436571.22,441105.22,431380.5,415698,421253,401504
2026-01-08,417974.72,415072.06,423243.38,421253,401504,402135
2026-01-09,414785.56,420241.62,437981.28,401504,402135,442692
2026-01-10,399635.75,431884.88,440242.97,402135,442692,428387
2026-01-11,430728.06,434758.22,436139.16,442692,428387,420700
2026-01-12,440406.75,440891.88,429256.6,428387,420700,437716
2026-01-13,425867.53,425623.88,423629.4,420700,437716,466771
2026-01-14,423294.47,422455.34,404611.94,437716,466771,435852
2026-01-15,433863.03,410057.28,409009.5,466771,435852,434994
2026-01-16,438046.28,419662.7,443135.72,435852,434994,463148
2026-01-17,419736.22,449028.66,444945.1,434994,463148,497013
2026-01-18,455593.22,450184.56,443486.84,463148,497013,499671
2026-01-19,460908.97,441089.38,443484.78,497013,499671,449656
2026-01-20,474902.53,453301.06,451919.16,499671,449656,468872
2026-01-21,485979.25,467430.16,444629.56,449656,468872,497563
2026-01-22,447411.7,427787.5,430616.34,468872,497563,512989
2026-01-23,440615.8,426879.06,444310.94,497563,512989,502048
2026-01-24,465153.88,472699.72,465308.8,512989,502048,519240
2026-01-25,516750.78,488018.34,468384.3,502048,519240,516928
2026-01-26,493980.44,481379.53,462962.5,519240,516928,521361
2026-01-27,512950.34,478164.62,462839.9,516928,521361,530407
2026-01-28,503789.84,477735.7,461799.97,521361,530407,503683
2026-01-29,511532.84,474983.2,457530.06,530407,503683,503369
2026-01-30,513206.2,475411.56,467434.3,503683,503369,505158
2026-01-31,491916.12,497420.38,472188.06,503369,505158,493896
2026-02-01,517050.53,490514.88,472722.28,505158,493896,473269
2026-02-02,498836.16,486331.25,471958.25,493896,473269,478778
2026-02-03,487300.53,473509.47,461528.94,473269,478778,478852
2026-02-04,473117.47,468434.28,447411.9,478778,478852,501031
2026-02-05,472989.5,452066.28,447901.66,478852,501031,522961
2026-02-06,454839.72,452249.38,462432.28,501031,522961,406846
2026-02-07,489336.94,494520.7,474335.72,522961,406846,469737
2026-02-08,537189.6,500818.84,471988.9,406846,469737,466338
2026-02-09,410144.47,423868.84,439306.28,469737,466338,461776
2026-02-10,466067.25,463691.3,454289.66,466338,461776,455439
2026-02-11,458207.62,455165.66,438422.1,461776,455439,428184
2026-02-12,465901.56,441895.03,440083.3,455439,428184,408149
2026-02-13,438123.1,436903.9,437966.8,428184,408149,431353
2026-02-14,417066.44,431134.47,443488.53,408149,431353,433391
2026-02-15,427965.03,438119.6,444372.94,431353,433391,438957
2026-02-16,441659.6,441626.72,440801.94,433391,438957,426994
2026-02-17,436564.34,437659.75,437134.62,438957,426994,440950
2026-02-18,436550.28,438659.25,416341.78,426994,440950,409625
2026-02-19,426019.44,410302.62,409312.0,440950,409625,423958
2026-02-20,420049.7,408927.3,428266.16,409625,423958,449053
2026-02-21,398835.25,425370.34,425932.47,423958,449053,461605
2026-02-22,439122.7,437010.75,434090.06,449053,461605,458160
2026-02-23,454442.78,446557.16,433626.1,461605,458160,428144
2026-02-24,456458.44,438766.53,434901.8,458160,428144,419081
2026-02-25,446950.97,442915.62,414989.2,428144,419081,383359
2026-02-26,425337.44,404982.75,406229.53,419081,383359,397678
2026-02-27,404335.1,405740.3,422148.22,383359,397678,437676
2026-02-28,386803.75,419569.2,425740.3,397678,437676,459945
2026-03-01,425595.66,425838.72,426166.78,437676,459945,407113
2026-03-02,438539.44,432843.66,421721.9,459945,407113,425838
2026-03-03,448075.34,437220.84,424706.94,407113,425838,420834
2026-03-04,407072.25,403387.38,378792.84,425838,420834,384277
2026-03-05,419568.53,388526.9,391649.9,420834,384277,342147
2026-03-06,398376.7,393865.1,417946.16,384277,342147,356232
2026-03-07,382799.75,411362.1,414979.22,342147,356232,358074
2026-03-08,383645.12,394581.8,392272.4,356232,358074,367561
2026-03-09,373597.72,385826.12,393533.2,358074,367561,396450
2026-03-10,374905.6,395983.66,401584.75,367561,396450,412962
2026-03-11,375501.4,386332.47,370318.94,396450,412962,379100
2026-03-12,395565.72,378413.6,370450.72,412962,379100,380550
2026-03-13,389685.16,372575.62,379635.7,379100,380550,393244
2026-03-14,354869.22,370701.06,370831.8,380550,393244,399662
2026-03-15,379574.8,378775.7,379836.62,393244,399662,414209
2026-03-16,385297.22,377940.5,394590.8,399662,414209,415944
2026-03-17,396406.03,398559.75,397229.25,414209,415944,396544
2026-03-18,410634.0,405539.62,377229.97,415944,396544,356912
2026-03-19,409374.8,381733.5,377728.03,396544,356912,368934
2026-03-20,378653.94,376212.4,393001.4,356912,368934,405237
2026-03-21,360688.34,385997.66,390199.6,368934,405237,380397
2026-03-22,400196.2,399542.16,400649.03,405237,380397,374032
2026-03-23,404681.16,404217.16,401710.06,380397,374032,364954
2026-03-24,385164.12,390823.62,385607.75,374032,364954,358234
2026-03-25,379189.2,381165.28,351402.6,364954,358234,361861
2026-03-26,370110.7,350490.12,360748.4,358234,361861,347395
2026-03-27,349747.2,356925.6,384898.44,361861,347395,354605
2026-03-28,361541.88,392833.97,377899.78,347395,354605,361951
2026-03-29,381154.94,372133.53,370526.3,354605,361951,372145
2026-03-30,365693.28,367702.06,366560.62,361951,372145,379018
2026-03-31,369885.94,367437.4,367250.3,372145,379018,348935
2026-04-01,376373.28,369913.56,362188.8,379018,348935,322831
2026-04-02,371952.53,356367.94,348681.66,348935,322831,341421
2026-04-03,342729.4,343257.0,357518.97,322831,341421,358675
2026-04-04,335774.53,357889.5,362833.28,341421,358675,368615
2026-04-05,357672.1,363433.2,372191.72,358675,368615,361011
2026-04-06,361023.97,366503.97,371322.53,368615,361011,349347
2026-04-07,370143.44,369546.44,352089.53,361011,349347,346137
2026-04-08,364694.7,352188.78,337992.88,349347,346137,312470
2026-04-09,349172.66,338424.88,337732.1,346137,312470,325302
2026-04-10,334707.1,337985.5,355764.9,312470,325302,357068
2026-04-11,336607.3,359872.06,363814.0,325302,357068,363266
2026-04-12,356080.94,364531.2,359029.22,357068,363266,384949
2026-04-13,366273.88,365044.56,353925.34,363266,384949,404498
2026-04-14,381199.8,374242.4,359051.75,384949,404498,380767
2026-04-15,384202.7,385400.53,362544.06,404498,380767,321974
2026-04-16,412566.75,387893.1,379844.8,380767,321974,336519
2026-04-17,355507.25,359223.4,375606.84,321974,336519,357800
2026-04-18,333034.06,360451.66,367102.88,336519,357800,356106
2026-04-19,356357.03,363997.12,374668.53,357800,356106,358597
2026-04-20,362138.3,370058.56,382537.5,356106,358597,337498
2026-04-21,367890.25,377654.2,370623.6,358597,337498,326788
2026-04-22,368879.94,367444.97,341975.56,337498,326788,343392
2026-04-23,358370.62,339472.12,341650.25,326788,343392,313468
2026-04-24,331857.16,338406.75,359183.0,343392,313468,326746
2026-04-25,334765.2,359006.62,358301.88,313468,326746,340349
2026-04-26,352238.25,357737.62,359103.7,326746,340349,347583
2026-04-27,351734.62,359464.3,348728.34,340349,347583,356882
2026-04-28,352283.78,348987.47,349514.88,347583,356882,336026
2026-04-29,346187.4,349016.0,340525.44,356882,336026,323447
2026-04-30,350323.1,341521.0,338491.03,336026,323447,313779
2026-05-01,333701.7,337572.53,348077.94,323447,313779,334864
2026-05-02,332960.12,347760.53,350161.03,313779,334864,353350
2026-05-03,345207.8,348702.44,350354.47,334864,353350,373846
2026-05-04,348794.0,356933.4,362870.94,353350,373846,336563
2026-05-05,363362.6,366729.97,354961.9,373846,336563,335930
2026-05-06,368991.25,354141.56,346907.2,336563,335930,331399
2026-05-07,343227.94,342201.06,342813.16,335930,331399,307721
2026-05-08,331368.72,341294.25,348074.97,331399,307721,334718
2026-05-09,333237.44,348830.22,358863.7,307721,334718,323865
2026-05-10,346897.0,361534.75,371966.84,334718,323865,350974
2026-05-11,352231.44,368361.62,355261.7,323865,350974,356445
2026-05-12,355645.1,353956.6,353874.97,350974,356445,337305
2026-05-13,350619.7,356298.12,345212.97,356445,337305,316164
2026-05-14,350287.16,341494.06,344015.66,337305,316164,350536
2026-05-15,332152.78,342892.47,349414.47,316164,350536,434263
2026-05-16,342308.47,362350.2,365102.97,350536,434263,479866
2026-05-17,370549.72,386926.88,379435.5,434263,479866,480880
2026-05-18,434555.56,426344.84,408097.78,479866,480880,370566
2026-05-19,455782.84,452273.84,423206.6,480880,370566,335524
2026-05-20,454900.25,439954.5,399208.12,370566,335524,340623
2026-05-21,359022.5,349677.12,361541.7,335524,340623,335898
2026-05-22,332526.53,355411.2,401220.03,340623,335898,329046
2026-05-23,344432.75,394326.94,404399.84,335898,329046,361276
2026-05-24,381422.28,395331.6,402954.78,329046,361276,391513
2026-05-25,379587.97,400949.44,393749.7,361276,391513,377448
2026-05-26,379611.78,382727.94,379513.7,391513,377448,353815
2026-05-27,402245.16,403667.38,388056.75,377448,353815,15011
